IMPACT_METHOD,IMPACT_CATEGORY_UUID,IMPACT_CATEGORY,REFERENCE_UNIT,FLOW_UUID,FLOW,CAS_NUMBER,SUBCATEGORY,CATEGORY,UNIT,VALUE
ILCD 2011 Midpoint+,9518b4ea-d7c1-3548-a4b6-977770f0954a,"Mineral, fossil & ren resource depletion",kg Sb eq,b2e8e329-f643-3fa0-8af9-95afa9347bbd,"Energy, from wood",,biotic,Resource,MJ,0
ILCD 2011 Midpoint+,9518b4ea-d7c1-3548-a4b6-977770f0954a,"Mineral, fossil & ren resource depletion",kg Sb eq,01c12fca-ad8b-4902-8b48-2d5afe3d3a0f,"Energy, gross calorific value, in biomass",,biotic,Resource,MJ,0
ILCD 2011 Midpoint+,9518b4ea-d7c1-3548-a4b6-977770f0954a,"Mineral, fossil & ren resource depletion",kg Sb eq,5224d6af-147e-3506-b9e4-60b8eb3a9f82,"Energy, from biomass",,biotic,Resource,MJ,0
ILCD 2011 Midpoint+,9518b4ea-d7c1-3548-a4b6-977770f0954a,"Mineral, fossil & ren resource depletion",kg Sb eq,8842042d-7f07-45f8-bf43-fa83833d75de,"Energy, gross calorific value, in biomass, primary forest",,biotic,Resource,MJ,0
ILCD 2011 Midpoint+,9518b4ea-d7c1-3548-a4b6-977770f0954a,"Mineral, fossil & ren resource depletion",kg Sb eq,c5035ce2-5ee5-431f-a287-4b25da42be74,"Peat, in ground",,biotic,Resource,kg,0
ILCD 2011 Midpoint+,9518b4ea-d7c1-3548-a4b6-977770f0954a,"Mineral, fossil & ren resource depletion",kg Sb eq,adf02c21-da6a-32ba-9c75-038c952270db,"Energy, from peat",,biotic,Resource,MJ,0
ILCD 2011 Midpoint+,9518b4ea-d7c1-3548-a4b6-977770f0954a,"Mineral, fossil & ren resource depletion",kg Sb eq,a7ff17d4-d3fe-4a70-9f2e-392b34630772,"Energy, solar, converted",,in air,Resource,MJ,0
ILCD 2011 Midpoint+,9518b4ea-d7c1-3548-a4b6-977770f0954a,"Mineral, fossil & ren resource depletion",kg Sb eq,57c71b25-4663-4fad-9167-7ce5be3e8268,"Energy, kinetic (in wind), converted",,in air,Resource,MJ,0
ILCD 2011 Midpoint+,9518b4ea-d7c1-3548-a4b6-977770f0954a,"Mineral, fossil & ren resource depletion",kg Sb eq,8c2fe757-6866-4ed2-9f89-81012ad774a0,"Carbon, organic, in soil or biomass stock",,in ground,Resource,kg,0.00044
ILCD 2011 Midpoint+,9518b4ea-d7c1-3548-a4b6-977770f0954a,"Mineral, fossil & ren resource depletion",kg Sb eq,8bc65fca-548d-4831-b102-391bbdd6bc8c,"Aluminium, 24% in bauxite, 11% in crude ore",001318-16-7,in ground,Resource,kg,0.00001
ILCD 2011 Midpoint+,9518b4ea-d7c1-3548-a4b6-977770f0954a,"Mineral, fossil & ren resource depletion",kg Sb eq,733b2c7c-60ef-4c1b-b9cb-c010e3fd2275,Bauxite,001318-16-7,in ground,Resource,kg,0.00001
ILCD 2011 Midpoint+,9518b4ea-d7c1-3548-a4b6-977770f0954a,"Mineral, fossil & ren resource depletion",kg Sb eq,8fb75455-9f86-4f3e-b910-ee91a4f34b59,Scandium,007440-20-2,in ground,Resource,kg,0.00057
ILCD 2011 Midpoint+,9518b4ea-d7c1-3548-a4b6-977770f0954a,"Mineral, fossil & ren resource depletion",kg Sb eq,fc186b07-9955-469d-8e48-e3363b90d98d,terbium,,in ground,Resource,kg,0.00057
ILCD 2011 Midpoint+,9518b4ea-d7c1-3548-a4b6-977770f0954a,"Mineral, fossil & ren resource depletion",kg Sb eq,1d9f4996-3197-476e-8cec-342a37c3fe26,erbium,,in ground,Resource,kg,0.00057
ILCD 2011 Midpoint+,9518b4ea-d7c1-3548-a4b6-977770f0954a,"Mineral, fossil & ren resource depletion",kg Sb eq,10d3e29a-0080-42a8-8bbd-e76cffeededc,ytterbium,,in ground,Resource,kg,0.00057
ILCD 2011 Midpoint+,9518b4ea-d7c1-3548-a4b6-977770f0954a,"Mineral, fossil & ren resource depletion",kg Sb eq,a492433d-dcdf-4da7-a6af-8cd8c52209bd,thulium,,in ground,Resource,kg,0.00057
ILCD 2011 Midpoint+,9518b4ea-d7c1-3548-a4b6-977770f0954a,"Mineral, fossil & ren resource depletion",kg Sb eq,9e28eac3-49f9-5a0d-a8d0-dc4e071ad9e6,"Dysprosium, in ground",007429-91-6,in ground,Resource,kg,0.00057
ILCD 2011 Midpoint+,9518b4ea-d7c1-3548-a4b6-977770f0954a,"Mineral, fossil & ren resource depletion",kg Sb eq,6ec6a8a8-4c94-5bc5-93c5-62928fcf3935,"Terbium, in ground",007440-27-9,in ground,Resource,kg,0.00057
ILCD 2011 Midpoint+,9518b4ea-d7c1-3548-a4b6-977770f0954a,"Mineral, fossil & ren resource depletion",kg Sb eq,f6379ef2-ed2d-4a0d-815f-47c7afe2f114,lutetium,,in ground,Resource,kg,0.00057
ILCD 2011 Midpoint+,9518b4ea-d7c1-3548-a4b6-977770f0954a,"Mineral, fossil & ren resource depletion",kg Sb eq,b76462ce-a161-4fb0-ae32-bc852dd71107,dysprosium,,in ground,Resource,kg,0.00057
ILCD 2011 Midpoint+,9518b4ea-d7c1-3548-a4b6-977770f0954a,"Mineral, fossil & ren resource depletion",kg Sb eq,f2f53dc8-8e09-511f-8dd2-4bae3625ba27,"Holmium, in ground",,in ground,Resource,kg,0.00057
ILCD 2011 Midpoint+,9518b4ea-d7c1-3548-a4b6-977770f0954a,"Mineral, fossil & ren resource depletion",kg Sb eq,d61418f3-c1a4-4b95-807c-06b7e1fa2915,"Lanthanum, 7.2% in bastnasite, 0.72% in crude ore",007439-91-0,in ground,Resource,kg,0.00057
ILCD 2011 Midpoint+,9518b4ea-d7c1-3548-a4b6-977770f0954a,"Mineral, fossil & ren resource depletion",kg Sb eq,909bc093-18b2-4a7e-8131-16f68eebc193,"Praseodymium, 0.42% in bastnasite, 0.042% in crude ore",007440-10-0,in ground,Resource,kg,0.00057
ILCD 2011 Midpoint+,9518b4ea-d7c1-3548-a4b6-977770f0954a,"Mineral, fossil & ren resource depletion",kg Sb eq,176598c1-699c-5dd8-8c33-d269ff7f5edd,"Lanthanum, in ground",,in ground,Resource,kg,0.00057
ILCD 2011 Midpoint+,9518b4ea-d7c1-3548-a4b6-977770f0954a,"Mineral, fossil & ren resource depletion",kg Sb eq,db0c855c-e9ef-58d9-97cc-960e646fc882,"Neodymium, in ground",,in ground,Resource,kg,0.00057
ILCD 2011 Midpoint+,9518b4ea-d7c1-3548-a4b6-977770f0954a,"Mineral, fossil & ren resource depletion",kg Sb eq,7a636bea-94c0-4774-a791-2512b7fbda94,"Cerium, 24% in bastnasite, 2.4% in crude ore",007440-45-1,in ground,Resource,kg,0.00057
ILCD 2011 Midpoint+,9518b4ea-d7c1-3548-a4b6-977770f0954a,"Mineral, fossil & ren resource depletion",kg Sb eq,35da65ff-7287-571d-b859-13d398ac5182,"Praseodymium, in ground",,in ground,Resource,kg,0.00057
ILCD 2011 Midpoint+,9518b4ea-d7c1-3548-a4b6-977770f0954a,"Mineral, fossil & ren resource depletion",kg Sb eq,7c954971-4bce-41db-9e8b-2b2f049539d7,"Europium, 0.06% in bastnasite, 0.006% in crude ore",007440-53-1,in ground,Resource,kg,0.00057
ILCD 2011 Midpoint+,9518b4ea-d7c1-3548-a4b6-977770f0954a,"Mineral, fossil & ren resource depletion",kg Sb eq,c970e81e-1c4e-4f21-814c-0c25444f41d2,"Neodymium, 4% in bastnasite, 0.4% in crude ore",007440-00-8,in ground,Resource,kg,0.00057
ILCD 2011 Midpoint+,9518b4ea-d7c1-3548-a4b6-977770f0954a,"Mineral, fossil & ren resource depletion",kg Sb eq,4057f8b4-f20a-59c9-9bb7-fdeaf5ad106d,"Cerium, in ground",,in ground,Resource,kg,0.00057
ILCD 2011 Midpoint+,9518b4ea-d7c1-3548-a4b6-977770f0954a,"Mineral, fossil & ren resource depletion",kg Sb eq,b878ca93-d699-421e-a4b6-f694dc627062,"Gadolinium, 0.15% in bastnasite, 0.015% in crude ore",007440-54-2,in ground,Resource,kg,0.00057
ILCD 2011 Midpoint+,9518b4ea-d7c1-3548-a4b6-977770f0954a,"Mineral, fossil & ren resource depletion",kg Sb eq,f55e2203-ef91-50bf-8f5a-119bb210522c,"Gadolinium, in ground",,in ground,Resource,kg,0.00057
ILCD 2011 Midpoint+,9518b4ea-d7c1-3548-a4b6-977770f0954a,"Mineral, fossil & ren resource depletion",kg Sb eq,3d73ec21-de4d-5b68-b504-4ef59e15bd0e,"Europium, in ground",,in ground,Resource,kg,0.00057
ILCD 2011 Midpoint+,9518b4ea-d7c1-3548-a4b6-977770f0954a,"Mineral, fossil & ren resource depletion",kg Sb eq,de2d220b-9fe8-4c39-bef7-a76c00d6ff33,"Fluorspar, 92%",014542-23-5,in ground,Resource,kg,0.00262
ILCD 2011 Midpoint+,9518b4ea-d7c1-3548-a4b6-977770f0954a,"Mineral, fossil & ren resource depletion",kg Sb eq,5bbcdc6d-b1a7-4b63-b625-76060c767de7,"Sodium sulphate, various forms, in ground",,in ground,Resource,kg,0.00001
ILCD 2011 Midpoint+,9518b4ea-d7c1-3548-a4b6-977770f0954a,"Mineral, fossil & ren resource depletion",kg Sb eq,0b9159dd-305d-4add-802f-f7b780ed0289,"Sodium chloride, in ground",,in ground,Resource,kg,0
ILCD 2011 Midpoint+,9518b4ea-d7c1-3548-a4b6-977770f0954a,"Mineral, fossil & ren resource depletion",kg Sb eq,bea19217-6a28-4711-8142-2e71090c0b46,"Vermiculite, in ground",,in ground,Resource,kg,0.00111
ILCD 2011 Midpoint+,9518b4ea-d7c1-3548-a4b6-977770f0954a,"Mineral, fossil & ren resource depletion",kg Sb eq,0fa4f51e-b0dc-5d11-84d3-b32f0f3c88d5,"Fluorspar, in ground",,in ground,Resource,kg,0.00262
ILCD 2011 Midpoint+,9518b4ea-d7c1-3548-a4b6-977770f0954a,"Mineral, fossil & ren resource depletion",kg Sb eq,09a68c14-01f6-4dee-ba29-8b7f400b72b5,"Perlite, in ground",,in ground,Resource,kg,0.00004
ILCD 2011 Midpoint+,9518b4ea-d7c1-3548-a4b6-977770f0954a,"Mineral, fossil & ren resource depletion",kg Sb eq,bc97531c-12d8-4113-bcb2-663a47d12d0f,"Talc, in ground",,in ground,Resource,kg,0.00118
ILCD 2011 Midpoint+,9518b4ea-d7c1-3548-a4b6-977770f0954a,"Mineral, fossil & ren resource depletion",kg Sb eq,fc565b76-6962-336e-9fe3-86eb874c167b,Sodium sulfate,007757-82-6,in ground,Resource,kg,0.00001
ILCD 2011 Midpoint+,9518b4ea-d7c1-3548-a4b6-977770f0954a,"Mineral, fossil & ren resource depletion",kg Sb eq,01e04ddf-628b-3d9d-a9f0-751567e7a478,"Uranium oxide, 332 GJ per kg, in ore",001317-99-3,in ground,Resource,kg,0.119
ILCD 2011 Midpoint+,9518b4ea-d7c1-3548-a4b6-977770f0954a,"Mineral, fossil & ren resource depletion",kg Sb eq,6b78c48f-bacf-4597-ac6d-ec7d6a0c4411,"Uranium oxide (U3O8), 332 GJ per kg, in ore",,in ground,Resource,kg,0.119
ILCD 2011 Midpoint+,9518b4ea-d7c1-3548-a4b6-977770f0954a,"Mineral, fossil & ren resource depletion",kg Sb eq,8bc09c04-2190-4ee2-9ee2-ae988ccd4e0c,"Energy, geothermal, converted",,in ground,Resource,MJ,0
ILCD 2011 Midpoint+,9518b4ea-d7c1-3548-a4b6-977770f0954a,"Mineral, fossil & ren resource depletion",kg Sb eq,384e875d-2237-4d74-8f62-6b04173f656b,Peat,,in ground,Resource,kg,0
ILCD 2011 Midpoint+,9518b4ea-d7c1-3548-a4b6-977770f0954a,"Mineral, fossil & ren resource depletion",kg Sb eq,8d846589-ed6a-3f95-ad4a-4bd969a36ffb,"Energy, from peat",,in ground,Resource,MJ,0
ILCD 2011 Midpoint+,9518b4ea-d7c1-3548-a4b6-977770f0954a,"Mineral, fossil & ren resource depletion",kg Sb eq,70b8b9fc-c695-3f45-b5b9-79d7d762fa49,"Uranium ore, 1.11 GJ per kg",,in ground,Resource,kg,0.0004
ILCD 2011 Midpoint+,9518b4ea-d7c1-3548-a4b6-977770f0954a,"Mineral, fossil & ren resource depletion",kg Sb eq,d3d3143a-93e0-346f-b750-7b8057c48b4c,"Energy, from uranium",,in ground,Resource,MJ,0
ILCD 2011 Midpoint+,9518b4ea-d7c1-3548-a4b6-977770f0954a,"Mineral, fossil & ren resource depletion",kg Sb eq,ed5c032f-fb99-3e66-a590-0c007326efa5,"Gas, off-gas, oil production",,in ground,Resource,m3,0
ILCD 2011 Midpoint+,9518b4ea-d7c1-3548-a4b6-977770f0954a,"Mineral, fossil & ren resource depletion",kg Sb eq,7ae371b0-8532-11e0-9d78-0800200c9a66,"Coal, hard, 30.7 MJ per kg, in ground",,in ground,Resource,kg,0
ILCD 2011 Midpoint+,9518b4ea-d7c1-3548-a4b6-977770f0954a,"Mineral, fossil & ren resource depletion",kg Sb eq,71e1cd1c-c0f1-35dd-b0d8-fbc23850d056,"Coal, brown, 8 MJ per kg, in ground",,in ground,Resource,kg,0
ILCD 2011 Midpoint+,9518b4ea-d7c1-3548-a4b6-977770f0954a,"Mineral, fossil & ren resource depletion",kg Sb eq,5df3c6a9-a888-4b5d-9a94-f3f610d38756,"Gas, natural, feedstock, 35 MJ per m3",008006-14-2,in ground,Resource,m3,0
ILCD 2011 Midpoint+,9518b4ea-d7c1-3548-a4b6-977770f0954a,"Mineral, fossil & ren resource depletion",kg Sb eq,3ed5f377-344f-423a-b5ec-9a9a1162b944,"Gas, mine, off-gas, process, coal mining",,in ground,Resource,m3,0
ILCD 2011 Midpoint+,9518b4ea-d7c1-3548-a4b6-977770f0954a,"Mineral, fossil & ren resource depletion",kg Sb eq,213fa9a5-5d8d-4990-9b38-f2c064161346,"Coal, bituminous, 24.8 MJ per kg",,in ground,Resource,kg,0
ILCD 2011 Midpoint+,9518b4ea-d7c1-3548-a4b6-977770f0954a,"Mineral, fossil & ren resource depletion",kg Sb eq,65b57348-143d-3f95-9229-9c6999296d04,"Energy, from oil",,in ground,Resource,MJ,0
ILCD 2011 Midpoint+,9518b4ea-d7c1-3548-a4b6-977770f0954a,"Mineral, fossil & ren resource depletion",kg Sb eq,8cdcb4a5-5f12-4dd2-9fa4-15663ae85528,"Gas, mine, off-gas, process, coal mining/kg",008006-14-2,in ground,Resource,kg,0
ILCD 2011 Midpoint+,9518b4ea-d7c1-3548-a4b6-977770f0954a,"Mineral, fossil & ren resource depletion",kg Sb eq,5e94ceb8-e8ac-3a24-b02e-f24ad54a7393,"Gas, off-gas, oil production, in ground",,in ground,Resource,m3,0
ILCD 2011 Midpoint+,9518b4ea-d7c1-3548-a4b6-977770f0954a,"Mineral, fossil & ren resource depletion",kg Sb eq,ab131c31-ecd8-462c-ace9-3c4e9a9213e3,"Coal, feedstock, 26.4 MJ per kg, in ground",,in ground,Resource,kg,0
ILCD 2011 Midpoint+,9518b4ea-d7c1-3548-a4b6-977770f0954a,"Mineral, fossil & ren resource depletion",kg Sb eq,e47d3de4-eeb9-4aca-a692-5e1a72b54dcc,"Oil, crude, 38400 MJ per m3, in ground",,in ground,Resource,m3,0
ILCD 2011 Midpoint+,9518b4ea-d7c1-3548-a4b6-977770f0954a,"Mineral, fossil & ren resource depletion",kg Sb eq,968b74b0-8018-464a-9376-7d881851072a,"Gas, natural, 35 MJ per m3",008006-14-2,in ground,Resource,m3,0
ILCD 2011 Midpoint+,9518b4ea-d7c1-3548-a4b6-977770f0954a,"Mineral, fossil & ren resource depletion",kg Sb eq,3e24fcde-b31f-3bb3-a3f4-8d2647e3690b,"Energy, from sulfur",,in ground,Resource,MJ,0
ILCD 2011 Midpoint+,9518b4ea-d7c1-3548-a4b6-977770f0954a,"Mineral, fossil & ren resource depletion",kg Sb eq,116985c9-8bd9-3925-afbe-1127b16a7e1c,"Oil, crude, 38400 MJ per m3",,in ground,Resource,m3,0
ILCD 2011 Midpoint+,9518b4ea-d7c1-3548-a4b6-977770f0954a,"Mineral, fossil & ren resource depletion",kg Sb eq,17604ce7-783f-4f9e-be49-09ad847fa75d,"Gas, natural, feedstock, 46.8 MJ per kg",008006-14-2,in ground,Resource,kg,0
ILCD 2011 Midpoint+,9518b4ea-d7c1-3548-a4b6-977770f0954a,"Mineral, fossil & ren resource depletion",kg Sb eq,007f79d8-5492-3378-a2cf-4de2cdd8a165,"Coal, brown, 10 MJ per kg, in ground",,in ground,Resource,kg,0
ILCD 2011 Midpoint+,9518b4ea-d7c1-3548-a4b6-977770f0954a,"Mineral, fossil & ren resource depletion",kg Sb eq,81b88765-3ac1-4206-a936-fec23c319ec1,"Gas, natural, 30.3 MJ per kg",008006-14-2,in ground,Resource,kg,0
ILCD 2011 Midpoint+,9518b4ea-d7c1-3548-a4b6-977770f0954a,"Mineral, fossil & ren resource depletion",kg Sb eq,7045c96d-7cef-33cf-8f3d-cf7198b6faab,"Energy, from coal, brown",,in ground,Resource,MJ,0
ILCD 2011 Midpoint+,9518b4ea-d7c1-3548-a4b6-977770f0954a,"Mineral, fossil & ren resource depletion",kg Sb eq,c447e6a9-1e2e-343e-8b6d-6eee1a32e533,"Coal, feedstock, 26.4 MJ per kg",,in ground,Resource,kg,0
ILCD 2011 Midpoint+,9518b4ea-d7c1-3548-a4b6-977770f0954a,"Mineral, fossil & ren resource depletion",kg Sb eq,bb7aa805-00c6-416a-9e93-4ee7b33671da,"Energy, from coal",,in ground,Resource,MJ,0
ILCD 2011 Midpoint+,9518b4ea-d7c1-3548-a4b6-977770f0954a,"Mineral, fossil & ren resource depletion",kg Sb eq,dd4953b2-e6af-4006-942f-1b9ff1499572,"Oil, crude, 42.6 MJ per kg, in ground",,in ground,Resource,kg,0
ILCD 2011 Midpoint+,9518b4ea-d7c1-3548-a4b6-977770f0954a,"Mineral, fossil & ren resource depletion",kg Sb eq,079339c7-49a2-3a17-9aa7-9b14b5c47560,"Oil, crude, 42.6 MJ per kg",,in ground,Resource,kg,0
ILCD 2011 Midpoint+,9518b4ea-d7c1-3548-a4b6-977770f0954a,"Mineral, fossil & ren resource depletion",kg Sb eq,506689e7-7821-48e8-a12c-0ee9a3b9e6ee,"Coal, 29.3 MJ per kg",,in ground,Resource,kg,0
ILCD 2011 Midpoint+,9518b4ea-d7c1-3548-a4b6-977770f0954a,"Mineral, fossil & ren resource depletion",kg Sb eq,b6d0042d-0ef8-49ed-9162-a07ff1ccf750,"Coal, hard, unspecified, in ground",,in ground,Resource,kg,0
ILCD 2011 Midpoint+,9518b4ea-d7c1-3548-a4b6-977770f0954a,"Mineral, fossil & ren resource depletion",kg Sb eq,0e652c80-3587-4af3-8c40-d6e6607f7ea8,"Oil, crude, feedstock, 42 MJ per kg, in ground",,in ground,Resource,kg,0
ILCD 2011 Midpoint+,9518b4ea-d7c1-3548-a4b6-977770f0954a,"Mineral, fossil & ren resource depletion",kg Sb eq,7ae398b4-8532-11e0-9d78-0800200c9a66,"Gas, natural, 46.8 MJ per kg",008006-14-2,in ground,Resource,kg,0
ILCD 2011 Midpoint+,9518b4ea-d7c1-3548-a4b6-977770f0954a,"Mineral, fossil & ren resource depletion",kg Sb eq,17fe5abb-4e12-3050-b173-f1fa379c757e,"Oil, crude, feedstock, 42 MJ per kg",,in ground,Resource,kg,0
ILCD 2011 Midpoint+,9518b4ea-d7c1-3548-a4b6-977770f0954a,"Mineral, fossil & ren resource depletion",kg Sb eq,7e196533-8ba1-354e-8a60-bb23ab44e794,"Gas, natural/kg",008006-14-2,in ground,Resource,kg,0
ILCD 2011 Midpoint+,9518b4ea-d7c1-3548-a4b6-977770f0954a,"Mineral, fossil & ren resource depletion",kg Sb eq,f56a886c-22ce-3c7b-a126-96a0c8b72378,"Coal, brown, 10 MJ per kg",,in ground,Resource,kg,0
ILCD 2011 Midpoint+,9518b4ea-d7c1-3548-a4b6-977770f0954a,"Mineral, fossil & ren resource depletion",kg Sb eq,2b648e3c-dfe7-314d-8248-58d4e40656c1,"Oil, crude, 41 MJ per kg",,in ground,Resource,kg,0
ILCD 2011 Midpoint+,9518b4ea-d7c1-3548-a4b6-977770f0954a,"Mineral, fossil & ren resource depletion",kg Sb eq,4fe0ec4c-3f18-360c-9f19-ee1cdef7aaa7,"Coal, 18 MJ per kg",,in ground,Resource,kg,0
ILCD 2011 Midpoint+,9518b4ea-d7c1-3548-a4b6-977770f0954a,"Mineral, fossil & ren resource depletion",kg Sb eq,bcf19d0b-b0d3-332d-a510-848c4f55a5e2,"Gas, petroleum, 35 MJ per m3, in ground",,in ground,Resource,m3,0
ILCD 2011 Midpoint+,9518b4ea-d7c1-3548-a4b6-977770f0954a,"Mineral, fossil & ren resource depletion",kg Sb eq,17cbbbbd-bd78-325d-bd76-2b6fcf81faaf,"Coal, hard, 30.7 MJ per kg",,in ground,Resource,kg,0
ILCD 2011 Midpoint+,9518b4ea-d7c1-3548-a4b6-977770f0954a,"Mineral, fossil & ren resource depletion",kg Sb eq,88d06db9-59a1-4719-9174-afeb1fa4026a,"Oil, crude, in ground",,in ground,Resource,kg,0
ILCD 2011 Midpoint+,9518b4ea-d7c1-3548-a4b6-977770f0954a,"Mineral, fossil & ren resource depletion",kg Sb eq,7ae398bf-8532-11e0-9d78-0800200c9a66,"Oil, crude, 42 MJ per kg",,in ground,Resource,kg,0
ILCD 2011 Midpoint+,9518b4ea-d7c1-3548-a4b6-977770f0954a,"Mineral, fossil & ren resource depletion",kg Sb eq,a93979da-6c68-33b1-a5d3-a08b0388935e,"Coal, brown, 8 MJ per kg",,in ground,Resource,kg,0
ILCD 2011 Midpoint+,9518b4ea-d7c1-3548-a4b6-977770f0954a,"Mineral, fossil & ren resource depletion",kg Sb eq,334b9535-0044-302f-965a-26e6167e7b60,"Energy, from gas, natural",,in ground,Resource,MJ,0
ILCD 2011 Midpoint+,9518b4ea-d7c1-3548-a4b6-977770f0954a,"Mineral, fossil & ren resource depletion",kg Sb eq,88951df2-e064-468f-acd6-ae90c30b08ca,"Oil, crude, feedstock, 41 MJ per kg, in ground",,in ground,Resource,kg,0
ILCD 2011 Midpoint+,9518b4ea-d7c1-3548-a4b6-977770f0954a,"Mineral, fossil & ren resource depletion",kg Sb eq,b01c02f3-088d-3795-a608-0d83370582d2,"Gas, petroleum, 35 MJ per m3",,in ground,Resource,m3,0
ILCD 2011 Midpoint+,9518b4ea-d7c1-3548-a4b6-977770f0954a,"Mineral, fossil & ren resource depletion",kg Sb eq,b612133f-0c68-4e67-a749-9c18f828df77,"Coal, 18 MJ per kg, in ground",,in ground,Resource,kg,0
ILCD 2011 Midpoint+,9518b4ea-d7c1-3548-a4b6-977770f0954a,"Mineral, fossil & ren resource depletion",kg Sb eq,024c9722-1e88-412b-8c4b-10c532be8dca,"Coal, brown, in ground",,in ground,Resource,kg,0
ILCD 2011 Midpoint+,9518b4ea-d7c1-3548-a4b6-977770f0954a,"Mineral, fossil & ren resource depletion",kg Sb eq,7c337428-fb1b-45c7-bbb2-2ee4d29e17ba,"Gas, natural, in ground",,in ground,Resource,m3,0
ILCD 2011 Midpoint+,9518b4ea-d7c1-3548-a4b6-977770f0954a,"Mineral, fossil & ren resource depletion",kg Sb eq,55e2d07c-aaf6-45e4-a512-9c6ab19e09f9,"Oil, crude, 41 MJ per kg, in ground",,in ground,Resource,kg,0
ILCD 2011 Midpoint+,9518b4ea-d7c1-3548-a4b6-977770f0954a,"Mineral, fossil & ren resource depletion",kg Sb eq,08d8474a-1b6a-42e4-b509-e9684d170ea1,"Gas, natural, 36.6 MJ per m3",008006-14-2,in ground,Resource,m3,0
ILCD 2011 Midpoint+,9518b4ea-d7c1-3548-a4b6-977770f0954a,"Mineral, fossil & ren resource depletion",kg Sb eq,4eda4c18-fe9f-3ee8-9e9e-1132b8fe02f5,"Oil, crude, feedstock, 41 MJ per kg",,in ground,Resource,kg,0
ILCD 2011 Midpoint+,9518b4ea-d7c1-3548-a4b6-977770f0954a,"Mineral, fossil & ren resource depletion",kg Sb eq,d273ad44-cce7-40c2-9fbe-77c7be2a66c3,"Energy, unspecified",,in ground,Resource,MJ,0
ILCD 2011 Midpoint+,9518b4ea-d7c1-3548-a4b6-977770f0954a,"Mineral, fossil & ren resource depletion",kg Sb eq,5cf8e94c-94ee-4a99-be6e-592cad4abba1,"Oil, crude, 42.7 MJ per kg",,in ground,Resource,kg,0
ILCD 2011 Midpoint+,9518b4ea-d7c1-3548-a4b6-977770f0954a,"Mineral, fossil & ren resource depletion",kg Sb eq,7ae371af-8532-11e0-9d78-0800200c9a66,"Coal, 26.4 MJ per kg",,in ground,Resource,kg,0
ILCD 2011 Midpoint+,9518b4ea-d7c1-3548-a4b6-977770f0954a,"Mineral, fossil & ren resource depletion",kg Sb eq,a55ba777-c1ec-338a-9482-fc6e006a56de,"Platinum, Pt 2.5E-4%, Pd 7.3E-4%, Rh 2.0E-5%, Ni 2.3E+0%, Cu 3.2E+0% in ore",007440-06-4,in ground,Resource,kg,9.09
ILCD 2011 Midpoint+,9518b4ea-d7c1-3548-a4b6-977770f0954a,"Mineral, fossil & ren resource depletion",kg Sb eq,e16fd15c-0ebc-55ba-8d3b-9704f13663cb,"Arsenic, in ground",007440-38-2,in ground,Resource,kg,2.4
ILCD 2011 Midpoint+,9518b4ea-d7c1-3548-a4b6-977770f0954a,"Mineral, fossil & ren resource depletion",kg Sb eq,2d65a3f7-2a10-4a10-ac9e-a0cc7cd57979,"Gold, Au 2.1E-4%, Ag 2.1E-4%, in ore",007440-57-5,in ground,Resource,kg,36
ILCD 2011 Midpoint+,9518b4ea-d7c1-3548-a4b6-977770f0954a,"Mineral, fossil & ren resource depletion",kg Sb eq,4b8ac2cb-3fa6-4047-a9ab-183d9e63ccac,"Pd, Pd 2.0E-4%, Pt 4.8E-4%, Rh 2.4E-5%, Ni 3.7E-2%, Cu 5.2E-2% in ore",,in ground,Resource,kg,9.36
ILCD 2011 Midpoint+,9518b4ea-d7c1-3548-a4b6-977770f0954a,"Mineral, fossil & ren resource depletion",kg Sb eq,d13b2665-505d-49e2-8edd-dc966b0342af,"Platinum, in ground",,in ground,Resource,kg,9.09
ILCD 2011 Midpoint+,9518b4ea-d7c1-3548-a4b6-977770f0954a,"Mineral, fossil & ren resource depletion",kg Sb eq,30fed59d-d722-482f-be4f-f3d93bdd2527,"Molybdenum, 0.022% in sulfide, Mo 8.2E-3% and Cu 0.36% in crude ore",007439-98-7,in ground,Resource,kg,0.0711
ILCD 2011 Midpoint+,9518b4ea-d7c1-3548-a4b6-977770f0954a,"Mineral, fossil & ren resource depletion",kg Sb eq,edc69c63-a776-4dbf-acbf-e0368914980a,"Palladium, in ground",,in ground,Resource,kg,9.36
ILCD 2011 Midpoint+,9518b4ea-d7c1-3548-a4b6-977770f0954a,"Mineral, fossil & ren resource depletion",kg Sb eq,e47e4e5f-6528-413d-a8fb-1cd1875fbd73,"Nickel, 1.98% in silicates, 1.04% in crude ore",007440-02-0,in ground,Resource,kg,0.00418
ILCD 2011 Midpoint+,9518b4ea-d7c1-3548-a4b6-977770f0954a,"Mineral, fossil & ren resource depletion",kg Sb eq,e373f7b4-42e9-4cc7-a73c-f87bec88008b,"Potassium, in ground",,in ground,Resource,kg,0.00001
ILCD 2011 Midpoint+,9518b4ea-d7c1-3548-a4b6-977770f0954a,"Mineral, fossil & ren resource depletion",kg Sb eq,5afa470c-ab8c-4ec3-8a18-5c0bed973571,"Copper, Cu 0.38%, Au 9.7E-4%, Ag 9.7E-4%, Zn 0.63%, Pb 0.014%, in ore",007440-50-8,in ground,Resource,kg,0.0025
ILCD 2011 Midpoint+,9518b4ea-d7c1-3548-a4b6-977770f0954a,"Mineral, fossil & ren resource depletion",kg Sb eq,ff741136-d6ee-444a-a15b-3b308e376db8,"Gold, Au 1.1E-4%, Ag 4.2E-3%, in ore",007440-57-5,in ground,Resource,kg,36
ILCD 2011 Midpoint+,9518b4ea-d7c1-3548-a4b6-977770f0954a,"Mineral, fossil & ren resource depletion",kg Sb eq,fb68c411-dc39-40d4-b237-5f97eb47151c,"Zinc 9%, Lead 5%, in sulfide",007440-66-6,in ground,Resource,kg,0.00365
ILCD 2011 Midpoint+,9518b4ea-d7c1-3548-a4b6-977770f0954a,"Mineral, fossil & ren resource depletion",kg Sb eq,b053aa52-bfac-5435-a0b1-4ca374b0e991,"Boron, in ground",,in ground,Resource,kg,0.00528
ILCD 2011 Midpoint+,9518b4ea-d7c1-3548-a4b6-977770f0954a,"Mineral, fossil & ren resource depletion",kg Sb eq,636a8446-9899-43a6-b4bf-213f25d69c88,"Pt, Pt 4.8E-4%, Pd 2.0E-4%, Rh 2.4E-5%, Ni 3.7E-2%, Cu 5.2E-2% in ore",,in ground,Resource,kg,9.09
ILCD 2011 Midpoint+,9518b4ea-d7c1-3548-a4b6-977770f0954a,"Mineral, fossil & ren resource depletion",kg Sb eq,719def62-0941-4264-bc54-97093d847d7a,"Molybdenum, 0.025% in sulfide, Mo 8.2E-3% and Cu 0.39% in crude ore",007439-98-7,in ground,Resource,kg,0.0711
ILCD 2011 Midpoint+,9518b4ea-d7c1-3548-a4b6-977770f0954a,"Mineral, fossil & ren resource depletion",kg Sb eq,a9ad523f-b721-4f07-ad9f-584053f3454d,"Lithium, 0.15% in brine",007439-93-2,in ground,Resource,kg,0.0133
ILCD 2011 Midpoint+,9518b4ea-d7c1-3548-a4b6-977770f0954a,"Mineral, fossil & ren resource depletion",kg Sb eq,c7d38707-3b22-4fb1-b001-0c8cad496a60,"Gold, Au 9.7E-5%, Ag 7.6E-5%, in ore",007440-57-5,in ground,Resource,kg,36
ILCD 2011 Midpoint+,9518b4ea-d7c1-3548-a4b6-977770f0954a,"Mineral, fossil & ren resource depletion",kg Sb eq,b1183f30-a978-4a68-8e51-b8a4af8fbecf,Arsenic,007440-38-2,in ground,Resource,kg,2.4
ILCD 2011 Midpoint+,9518b4ea-d7c1-3548-a4b6-977770f0954a,"Mineral, fossil & ren resource depletion",kg Sb eq,08a91e70-3ddc-11dd-96d2-0050c2490048,niobium,007440-03-1,in ground,Resource,kg,0.0655
ILCD 2011 Midpoint+,9518b4ea-d7c1-3548-a4b6-977770f0954a,"Mineral, fossil & ren resource depletion",kg Sb eq,c3b2ba62-b158-47b1-8e1e-e76156e5292a,"Zinc, Zn 3.1%, in mixed ore",007440-66-6,in ground,Resource,kg,0.00365
ILCD 2011 Midpoint+,9518b4ea-d7c1-3548-a4b6-977770f0954a,"Mineral, fossil & ren resource depletion",kg Sb eq,3eece329-cf79-4167-93c2-b8d7d7eb5058,"Gold, Au 6.7E-4%, in ore",007440-57-5,in ground,Resource,kg,36
ILCD 2011 Midpoint+,9518b4ea-d7c1-3548-a4b6-977770f0954a,"Mineral, fossil & ren resource depletion",kg Sb eq,704399e3-cf6b-483d-84f5-466e91a9d17c,"Copper, Cu 0.2%, in mixed ore",007440-50-8,in ground,Resource,kg,0.0025
ILCD 2011 Midpoint+,9518b4ea-d7c1-3548-a4b6-977770f0954a,"Mineral, fossil & ren resource depletion",kg Sb eq,31b4eea9-640e-4056-ac2f-0555627af18a,"Tin, 79% in cassiterite, 0.1% in crude ore",007440-31-5,in ground,Resource,kg,0.115
ILCD 2011 Midpoint+,9518b4ea-d7c1-3548-a4b6-977770f0954a,"Mineral, fossil & ren resource depletion",kg Sb eq,08a91e70-3ddc-11dd-a0f6-0050c2490048,Bismuth,007440-69-9,in ground,Resource,kg,4.49
ILCD 2011 Midpoint+,9518b4ea-d7c1-3548-a4b6-977770f0954a,"Mineral, fossil & ren resource depletion",kg Sb eq,be73218b-18af-492e-96e6-addd309d1e32,"Zinc, in ground",,in ground,Resource,kg,0.00365
ILCD 2011 Midpoint+,9518b4ea-d7c1-3548-a4b6-977770f0954a,"Mineral, fossil & ren resource depletion",kg Sb eq,2f033407-6060-4e1e-868c-9f362d10fdb2,"Titanium, in ground",,in ground,Resource,kg,0.00152
ILCD 2011 Midpoint+,9518b4ea-d7c1-3548-a4b6-977770f0954a,"Mineral, fossil & ren resource depletion",kg Sb eq,c8f18160-6937-4bb9-ad0c-dffa942ca41e,"Copper, 1.42% in sulfide, Cu 0.81% and Mo 8.2E-3% in crude ore",007440-50-8,in ground,Resource,kg,0.0025
ILCD 2011 Midpoint+,9518b4ea-d7c1-3548-a4b6-977770f0954a,"Mineral, fossil & ren resource depletion",kg Sb eq,a45cd247-3532-4e27-bddc-b519fdb5e08f,"Aluminium, in ground",,in ground,Resource,kg,0.00003
ILCD 2011 Midpoint+,9518b4ea-d7c1-3548-a4b6-977770f0954a,"Mineral, fossil & ren resource depletion",kg Sb eq,ed8c57b5-6012-4f21-8b70-92a85923786a,"Silver, Ag 1.5E-4%, Au 6.8E-4%, in ore",007440-22-4,in ground,Resource,kg,8.42
ILCD 2011 Midpoint+,9518b4ea-d7c1-3548-a4b6-977770f0954a,"Mineral, fossil & ren resource depletion",kg Sb eq,7c9b9a1e-ec16-3541-8c16-85bd263f4693,"Uranium, 560 GJ per kg",007440-61-1,in ground,Resource,kg,0.201
ILCD 2011 Midpoint+,9518b4ea-d7c1-3548-a4b6-977770f0954a,"Mineral, fossil & ren resource depletion",kg Sb eq,621b1cf1-9b47-4c44-b71e-ebeb9afd9bbc,"Cadmium, 0.30% in sulfide, Cd 0.18%, Pb, Zn, Ag, In",007440-43-9,in ground,Resource,kg,1.11
ILCD 2011 Midpoint+,9518b4ea-d7c1-3548-a4b6-977770f0954a,"Mineral, fossil & ren resource depletion",kg Sb eq,e729d80a-bb6d-400a-a8a9-55b6fa0e4aaf,"Nickel, 1.13% in sulfides, 0.76% in crude ore",007440-02-0,in ground,Resource,kg,0.00418
ILCD 2011 Midpoint+,9518b4ea-d7c1-3548-a4b6-977770f0954a,"Mineral, fossil & ren resource depletion",kg Sb eq,f77aacc3-2c22-4bda-99ab-fe1110a1b891,"Iron, 46% in ore, 25% in crude ore",007439-89-6,in ground,Resource,kg,0
ILCD 2011 Midpoint+,9518b4ea-d7c1-3548-a4b6-977770f0954a,"Mineral, fossil & ren resource depletion",kg Sb eq,4f701354-38fd-40b0-8c90-4c1df36ec45a,"Lead, 5.0% in sulfide, Pb 3.0%, Zn, Ag, Cd, In",007439-92-1,in ground,Resource,kg,0.015
ILCD 2011 Midpoint+,9518b4ea-d7c1-3548-a4b6-977770f0954a,"Mineral, fossil & ren resource depletion",kg Sb eq,1b35070a-eb57-4f0f-a27f-5ba181ff0d4d,"Copper, 0.59% in sulfide, Cu 0.22% and Mo 8.2E-3% in crude ore",007440-50-8,in ground,Resource,kg,0.0025
ILCD 2011 Midpoint+,9518b4ea-d7c1-3548-a4b6-977770f0954a,"Mineral, fossil & ren resource depletion",kg Sb eq,eaa3e9d4-68d6-4267-a7a5-48b141c3861e,"Silver, Ag 5.4E-3%, in mixed ore",007440-22-4,in ground,Resource,kg,8.42
ILCD 2011 Midpoint+,9518b4ea-d7c1-3548-a4b6-977770f0954a,"Mineral, fossil & ren resource depletion",kg Sb eq,eda28c96-8899-4d84-bf18-35c3f1de518e,"Molybdenum, 0.11% in sulfide, Mo 4.1E-2% and Cu 0.36% in crude ore",007439-98-7,in ground,Resource,kg,0.0711
ILCD 2011 Midpoint+,9518b4ea-d7c1-3548-a4b6-977770f0954a,"Mineral, fossil & ren resource depletion",kg Sb eq,06874cbb-2daf-4981-a55e-2c38be5b7277,"Molybdenum, 0.010% in sulfide, Mo 8.2E-3% and Cu 1.83% in crude ore",007439-98-7,in ground,Resource,kg,0.0711
ILCD 2011 Midpoint+,9518b4ea-d7c1-3548-a4b6-977770f0954a,"Mineral, fossil & ren resource depletion",kg Sb eq,c2586875-bb56-4b1e-84c5-5ff255a1108b,"Manganese, in ground",,in ground,Resource,kg,0.00002
ILCD 2011 Midpoint+,9518b4ea-d7c1-3548-a4b6-977770f0954a,"Mineral, fossil & ren resource depletion",kg Sb eq,781dda0c-ffeb-4664-9667-7506ce6269b9,"Silver, Ag 7.6E-5%, Au 9.7E-5%, in ore",007440-22-4,in ground,Resource,kg,8.42
ILCD 2011 Midpoint+,9518b4ea-d7c1-3548-a4b6-977770f0954a,"Mineral, fossil & ren resource depletion",kg Sb eq,b85f6025-577e-3936-9569-14f021652fd7,"Uranium, 2291 GJ per kg",007440-61-1,in ground,Resource,kg,0.822
ILCD 2011 Midpoint+,9518b4ea-d7c1-3548-a4b6-977770f0954a,"Mineral, fossil & ren resource depletion",kg Sb eq,fbcb9c7a-eea7-4694-ba6c-568e01d28883,"Lead, in ground",,in ground,Resource,kg,0.015
ILCD 2011 Midpoint+,9518b4ea-d7c1-3548-a4b6-977770f0954a,"Mineral, fossil & ren resource depletion",kg Sb eq,3faef344-9e52-47a3-a317-e17b824cc540,"Zinc, 9.0% in sulfide, Zn 5.3%, Pb, Ag, Cd, In",007440-66-6,in ground,Resource,kg,0.00365
ILCD 2011 Midpoint+,9518b4ea-d7c1-3548-a4b6-977770f0954a,"Mineral, fossil & ren resource depletion",kg Sb eq,95268685-7bea-4883-a412-119d7e88372c,"Gold, Au 4.3E-4%, in ore",007440-57-5,in ground,Resource,kg,36
ILCD 2011 Midpoint+,9518b4ea-d7c1-3548-a4b6-977770f0954a,"Mineral, fossil & ren resource depletion",kg Sb eq,68f7bc03-0665-55a1-bd99-96530eab30e2,"Beryllium, in ground",007440-41-7,in ground,Resource,kg,3.95
ILCD 2011 Midpoint+,9518b4ea-d7c1-3548-a4b6-977770f0954a,"Mineral, fossil & ren resource depletion",kg Sb eq,d080e6a4-42c6-484e-b5d7-d74693aec7d9,"Gold, in ground",,in ground,Resource,kg,36
ILCD 2011 Midpoint+,9518b4ea-d7c1-3548-a4b6-977770f0954a,"Mineral, fossil & ren resource depletion",kg Sb eq,73b7f080-b7ae-417c-b740-b4c9eabfb35a,"Cu, Cu 3.2E+0%, Pt 2.5E-4%, Pd 7.3E-4%, Rh 2.0E-5%, Ni 2.3E+0% in ore",007440-50-8,in ground,Resource,kg,0.0025
ILCD 2011 Midpoint+,9518b4ea-d7c1-3548-a4b6-977770f0954a,"Mineral, fossil & ren resource depletion",kg Sb eq,7b6da1f2-e191-5a77-ae06-af96201f5803,"Tellurium, in ground",,in ground,Resource,kg,7.21
ILCD 2011 Midpoint+,9518b4ea-d7c1-3548-a4b6-977770f0954a,"Mineral, fossil & ren resource depletion",kg Sb eq,47262180-8308-5d4c-9332-c77617e032ef,"Antimony, in ground",,in ground,Resource,kg,1
ILCD 2011 Midpoint+,9518b4ea-d7c1-3548-a4b6-977770f0954a,"Mineral, fossil & ren resource depletion",kg Sb eq,17f04213-ecb8-3561-aac6-0fdb3295777a,"Nickel, Ni 3.7E-2%, Pt 4.8E-4%, Pd 2.0E-4%, Rh 2.4E-5%, Cu 5.2E-2% in ore",007440-02-0,in ground,Resource,kg,0.00418
ILCD 2011 Midpoint+,9518b4ea-d7c1-3548-a4b6-977770f0954a,"Mineral, fossil & ren resource depletion",kg Sb eq,16ddda12-daf4-460c-83fb-c361bdbbc9e9,"Gold, Au 1.8E-4%, in mixed ore",007440-57-5,in ground,Resource,kg,36
ILCD 2011 Midpoint+,9518b4ea-d7c1-3548-a4b6-977770f0954a,"Mineral, fossil & ren resource depletion",kg Sb eq,ef8d2a28-91cb-406d-ac43-c839f116b04d,Selenium,007782-49-2,in ground,Resource,kg,7.35
ILCD 2011 Midpoint+,9518b4ea-d7c1-3548-a4b6-977770f0954a,"Mineral, fossil & ren resource depletion",kg Sb eq,2d75f8a4-4792-3f17-bd60-013a9fcd6e9a,"Uranium, 451 GJ per kg",007440-61-1,in ground,Resource,kg,0.162
ILCD 2011 Midpoint+,9518b4ea-d7c1-3548-a4b6-977770f0954a,"Mineral, fossil & ren resource depletion",kg Sb eq,094ded20-e873-4338-8d81-b570a1d65acc,Boron,007440-42-8,in ground,Resource,kg,0.00528
ILCD 2011 Midpoint+,9518b4ea-d7c1-3548-a4b6-977770f0954a,"Mineral, fossil & ren resource depletion",kg Sb eq,fcee6eab-e906-4ddf-bc14-2b131b937893,"Zirconium, 50% in zircon, 0.39% in crude ore",007440-67-7,in ground,Resource,kg,0.0164
ILCD 2011 Midpoint+,9518b4ea-d7c1-3548-a4b6-977770f0954a,"Mineral, fossil & ren resource depletion",kg Sb eq,9f9f1f14-6eee-4067-b4a5-80e75fc7b295,"Manganese, 35.7% in sedimentary deposit, 14.2% in crude ore",007439-96-5,in ground,Resource,kg,0.00002
ILCD 2011 Midpoint+,9518b4ea-d7c1-3548-a4b6-977770f0954a,"Mineral, fossil & ren resource depletion",kg Sb eq,a8896ed6-4c9d-4b06-a356-49d8cdd9e9d7,"Gold, Au 1.4E-4%, in ore",007440-57-5,in ground,Resource,kg,36
ILCD 2011 Midpoint+,9518b4ea-d7c1-3548-a4b6-977770f0954a,"Mineral, fossil & ren resource depletion",kg Sb eq,adfff256-b19a-4083-9783-ffbc7a7cb437,"Silver, Ag 1.5E-5%, Au 5.4E-4%, in ore",007440-22-4,in ground,Resource,kg,8.42
ILCD 2011 Midpoint+,9518b4ea-d7c1-3548-a4b6-977770f0954a,"Mineral, fossil & ren resource depletion",kg Sb eq,cd2932c5-a486-4bf1-99b8-815d8a7ce11a,"Zirconium, in ground",,in ground,Resource,kg,0.0164
ILCD 2011 Midpoint+,9518b4ea-d7c1-3548-a4b6-977770f0954a,"Mineral, fossil & ren resource depletion",kg Sb eq,a2e6fb74-b047-5697-b5dd-e28cc68f29e6,"Rhenium, in ground",,in ground,Resource,kg,31.9
ILCD 2011 Midpoint+,9518b4ea-d7c1-3548-a4b6-977770f0954a,"Mineral, fossil & ren resource depletion",kg Sb eq,0e8ab9d2-cc60-4fbb-9cd8-2cc9a7e3d56d,Tungsten,007440-33-7,in ground,Resource,kg,0.254
ILCD 2011 Midpoint+,9518b4ea-d7c1-3548-a4b6-977770f0954a,"Mineral, fossil & ren resource depletion",kg Sb eq,5514ccd2-469f-4074-9905-529154e7f742,"Molybdenum, 0.014% in sulfide, Mo 8.2E-3% and Cu 0.81% in crude ore",007439-98-7,in ground,Resource,kg,0.0711
ILCD 2011 Midpoint+,9518b4ea-d7c1-3548-a4b6-977770f0954a,"Mineral, fossil & ren resource depletion",kg Sb eq,f0e37b5f-3f67-516a-afd5-442c83e094bc,"Thallium, in ground",,in ground,Resource,kg,"2,980"
ILCD 2011 Midpoint+,9518b4ea-d7c1-3548-a4b6-977770f0954a,"Mineral, fossil & ren resource depletion",kg Sb eq,c50538ea-8461-47f0-8f6d-f946dee801d7,Iodine,007553-56-2,in ground,Resource,kg,0.00222
ILCD 2011 Midpoint+,9518b4ea-d7c1-3548-a4b6-977770f0954a,"Mineral, fossil & ren resource depletion",kg Sb eq,483ae3c5-4eb0-46e4-b811-a72ad391716b,"Phosphorus, in ground",,in ground,Resource,kg,0.00006
ILCD 2011 Midpoint+,9518b4ea-d7c1-3548-a4b6-977770f0954a,"Mineral, fossil & ren resource depletion",kg Sb eq,080132f4-d8a5-4ff3-b926-c85847efd77c,Yttrium,007440-65-5,in ground,Resource,kg,0.816
ILCD 2011 Midpoint+,9518b4ea-d7c1-3548-a4b6-977770f0954a,"Mineral, fossil & ren resource depletion",kg Sb eq,2d9f9c6b-8dca-4641-8ff9-53cb8beabd13,"Lead, Pb 0.014%, Au 9.7E-4%, Ag 9.7E-4%, Zn 0.63%, Cu 0.38%, in ore",007439-92-1,in ground,Resource,kg,0.015
ILCD 2011 Midpoint+,9518b4ea-d7c1-3548-a4b6-977770f0954a,"Mineral, fossil & ren resource depletion",kg Sb eq,5f1d740e-804d-4080-8ef9-aeaa0d8e1115,"Tantalum, 81.9% in tantalite, 1.6E-4% in crude ore",007440-25-7,in ground,Resource,kg,11.5
ILCD 2011 Midpoint+,9518b4ea-d7c1-3548-a4b6-977770f0954a,"Mineral, fossil & ren resource depletion",kg Sb eq,c9c4b80a-73dd-415a-92fb-f877595651c1,"Vanadium, in ground",,in ground,Resource,kg,0.00493
ILCD 2011 Midpoint+,9518b4ea-d7c1-3548-a4b6-977770f0954a,"Mineral, fossil & ren resource depletion",kg Sb eq,fe1524b9-afe4-380d-99a8-822964917db0,"Palladium, Pd 7.3E-4%, Pt 2.5E-4%, Rh 2.0E-5%, Ni 2.3E+0%, Cu 3.2E+0% in ore",007440-05-3,in ground,Resource,kg,9.36
ILCD 2011 Midpoint+,9518b4ea-d7c1-3548-a4b6-977770f0954a,"Mineral, fossil & ren resource depletion",kg Sb eq,45b151c0-1bcf-4a51-85a2-b834588e1c87,"Magnesium, 0.13% in water",007439-95-4,in ground,Resource,kg,0
ILCD 2011 Midpoint+,9518b4ea-d7c1-3548-a4b6-977770f0954a,"Mineral, fossil & ren resource depletion",kg Sb eq,6b47b4de-2322-358e-a3b8-57e2f26eafb3,"Platinum, Pt 4.8E-4%, Pd 2.0E-4%, Rh 2.4E-5%, Ni 3.7E-2%, Cu 5.2E-2% in ore",007440-06-4,in ground,Resource,kg,9.09
ILCD 2011 Midpoint+,9518b4ea-d7c1-3548-a4b6-977770f0954a,"Mineral, fossil & ren resource depletion",kg Sb eq,bf377e4f-3a95-4ce2-a9ba-66ee31f00f60,"Cadmium, in ground",,in ground,Resource,kg,1.11
ILCD 2011 Midpoint+,9518b4ea-d7c1-3548-a4b6-977770f0954a,"Mineral, fossil & ren resource depletion",kg Sb eq,a64e65fe-3c33-44f1-bd2d-ab7fac07653f,"Phosphorus, 18% in apatite, 12% in crude ore",007723-14-0,in ground,Resource,kg,0.00006
ILCD 2011 Midpoint+,9518b4ea-d7c1-3548-a4b6-977770f0954a,"Mineral, fossil & ren resource depletion",kg Sb eq,240177d8-6f3b-43f5-8d1e-0c18114dfa02,"Barium, in ground",,in ground,Resource,kg,0.00337
ILCD 2011 Midpoint+,9518b4ea-d7c1-3548-a4b6-977770f0954a,"Mineral, fossil & ren resource depletion",kg Sb eq,0878c1c6-4c1d-4f90-a2de-a9383855d5c6,"Gallium, in ground",,in ground,Resource,kg,0.0063
ILCD 2011 Midpoint+,9518b4ea-d7c1-3548-a4b6-977770f0954a,"Mineral, fossil & ren resource depletion",kg Sb eq,e2c5109f-9a68-4828-b824-eb2193864803,"Gallium, 0.014% in bauxite",007440-55-3,in ground,Resource,kg,0.0063
ILCD 2011 Midpoint+,9518b4ea-d7c1-3548-a4b6-977770f0954a,"Mineral, fossil & ren resource depletion",kg Sb eq,6f70e7c7-ef61-4489-b4f3-157e7e8541ef,"Silver, Ag 4.6E-5%, Au 1.3E-4%, in ore",007440-22-4,in ground,Resource,kg,8.42
ILCD 2011 Midpoint+,9518b4ea-d7c1-3548-a4b6-977770f0954a,"Mineral, fossil & ren resource depletion",kg Sb eq,89b567f2-2cab-503e-b796-42cba72fce16,"Yttrium, in ground",007440-65-5,in ground,Resource,kg,0.816
ILCD 2011 Midpoint+,9518b4ea-d7c1-3548-a4b6-977770f0954a,"Mineral, fossil & ren resource depletion",kg Sb eq,ef6dd09f-bddc-49b4-a207-dbaec2f07bb5,"Chromium, 25.5% in chromite, 11.6% in crude ore",007440-47-3,in ground,Resource,kg,0.00002
ILCD 2011 Midpoint+,9518b4ea-d7c1-3548-a4b6-977770f0954a,"Mineral, fossil & ren resource depletion",kg Sb eq,e5cbe371-d33e-46ef-a832-a176f5e28520,"Indium, 0.005% in sulfide, In 0.003%, Pb, Zn, Ag, Cd",007440-74-6,in ground,Resource,kg,555
ILCD 2011 Midpoint+,9518b4ea-d7c1-3548-a4b6-977770f0954a,"Mineral, fossil & ren resource depletion",kg Sb eq,dca6a0a7-b5b1-3786-bc10-a2aaddcece9b,"Copper, Cu 3.2E+0%, Pt 2.5E-4%, Pd 7.3E-4%, Rh 2.0E-5%, Ni 2.3E+0% in ore",007440-50-8,in ground,Resource,kg,0.0025
ILCD 2011 Midpoint+,9518b4ea-d7c1-3548-a4b6-977770f0954a,"Mineral, fossil & ren resource depletion",kg Sb eq,14946240-b1ee-412c-b900-ed5728a4e684,"Silver, 3.2ppm in sulfide, Ag 1.2ppm, Cu and Te, in crude ore",007440-22-4,in ground,Resource,kg,8.42
ILCD 2011 Midpoint+,9518b4ea-d7c1-3548-a4b6-977770f0954a,"Mineral, fossil & ren resource depletion",kg Sb eq,cf3d3dbc-0e4b-402d-92a1-8ea6b4869ed5,"Gold, Au 9.7E-4%, Ag 9.7E-4%, Zn 0.63%, Cu 0.38%, Pb 0.014%, in ore",007440-57-5,in ground,Resource,kg,36
ILCD 2011 Midpoint+,9518b4ea-d7c1-3548-a4b6-977770f0954a,"Mineral, fossil & ren resource depletion",kg Sb eq,d76320f7-6761-4864-92a6-660fa3453ffa,"Silver, Ag 4.2E-3%, Au 1.1E-4%, in ore",007440-22-4,in ground,Resource,kg,8.42
ILCD 2011 Midpoint+,9518b4ea-d7c1-3548-a4b6-977770f0954a,"Mineral, fossil & ren resource depletion",kg Sb eq,0124b342-4bdd-5cbf-ba2a-dce8a259755c,"Bismuth, in ground",,in ground,Resource,kg,4.49
ILCD 2011 Midpoint+,9518b4ea-d7c1-3548-a4b6-977770f0954a,"Mineral, fossil & ren resource depletion",kg Sb eq,d3e547dc-1a29-5ece-8dbb-bd9c0ad3cc46,"Germanium, in ground",007440-56-4,in ground,Resource,kg,"19,500"
ILCD 2011 Midpoint+,9518b4ea-d7c1-3548-a4b6-977770f0954a,"Mineral, fossil & ren resource depletion",kg Sb eq,a3930b4d-74da-4489-9a50-d175c25d4fe8,"Rhenium, in crude ore",007440-15-5,in ground,Resource,kg,31.9
ILCD 2011 Midpoint+,9518b4ea-d7c1-3548-a4b6-977770f0954a,"Mineral, fossil & ren resource depletion",kg Sb eq,775fdf03-b0bb-5c25-b14d-107231d5b2f0,"Tantalum, in ground",,in ground,Resource,kg,11.5
ILCD 2011 Midpoint+,9518b4ea-d7c1-3548-a4b6-977770f0954a,"Mineral, fossil & ren resource depletion",kg Sb eq,54b9cbd0-65df-4fd3-8a19-dd3b8eccc619,"Mercury, in ground",,in ground,Resource,kg,2.62
ILCD 2011 Midpoint+,9518b4ea-d7c1-3548-a4b6-977770f0954a,"Mineral, fossil & ren resource depletion",kg Sb eq,86ad9346-536d-4acb-a318-45e08ec98448,Thallium,007440-28-0,in ground,Resource,kg,"2,980"
ILCD 2011 Midpoint+,9518b4ea-d7c1-3548-a4b6-977770f0954a,"Mineral, fossil & ren resource depletion",kg Sb eq,361a64cb-ab76-4a72-9ea1-c07d6a20c124,"Silver, in ground",,in ground,Resource,kg,8.42
ILCD 2011 Midpoint+,9518b4ea-d7c1-3548-a4b6-977770f0954a,"Mineral, fossil & ren resource depletion",kg Sb eq,a76cf135-2be1-4e53-9423-9211acd100f1,"Molybdenum, 0.022% in sulfide, Mo 8.2E-3% and Cu 0.22% in crude ore",007439-98-7,in ground,Resource,kg,0.0711
ILCD 2011 Midpoint+,9518b4ea-d7c1-3548-a4b6-977770f0954a,"Mineral, fossil & ren resource depletion",kg Sb eq,86c6e6cd-c2f5-4977-bad6-ce9cd48cf721,"Nickel, 1.13% in sulfide, Ni 0.76% and Cu 0.76% in crude ore",007440-02-0,in ground,Resource,kg,0.00418
ILCD 2011 Midpoint+,9518b4ea-d7c1-3548-a4b6-977770f0954a,"Mineral, fossil & ren resource depletion",kg Sb eq,cfaa80f4-8e19-4fd6-942a-eaea14812896,"Silver, Ag 9.7E-4%, Au 9.7E-4%, Zn 0.63%, Cu 0.38%, Pb 0.014%, in ore",007440-22-4,in ground,Resource,kg,8.42
ILCD 2011 Midpoint+,9518b4ea-d7c1-3548-a4b6-977770f0954a,"Mineral, fossil & ren resource depletion",kg Sb eq,7cd1d217-70a7-4452-abc4-3b1100763d6d,"Gold, Au 1.3E-4%, Ag 4.6E-5%, in ore",007440-57-5,in ground,Resource,kg,36
ILCD 2011 Midpoint+,9518b4ea-d7c1-3548-a4b6-977770f0954a,"Mineral, fossil & ren resource depletion",kg Sb eq,7d2c1cdd-a64a-5936-a577-5b82db0c0d1b,"Lithium, in ground",,in ground,Resource,kg,0.0133
ILCD 2011 Midpoint+,9518b4ea-d7c1-3548-a4b6-977770f0954a,"Mineral, fossil & ren resource depletion",kg Sb eq,852281f6-db73-4250-84d3-86b569fce0c1,"Sulfur, in ground",,in ground,Resource,kg,0.00039
ILCD 2011 Midpoint+,9518b4ea-d7c1-3548-a4b6-977770f0954a,"Mineral, fossil & ren resource depletion",kg Sb eq,8af4ac5f-0cad-36b9-8d28-ffa45ed4f7f2,"Molybdenum, 0.11% in sulfide, Mo 0.41% and Cu 0.36% in crude ore",007439-98-7,in ground,Resource,kg,0.0711
ILCD 2011 Midpoint+,9518b4ea-d7c1-3548-a4b6-977770f0954a,"Mineral, fossil & ren resource depletion",kg Sb eq,5f47f918-1c32-5870-b992-db91f843ff34,"Selenium, in ground",007782-49-2,in ground,Resource,kg,7.35
ILCD 2011 Midpoint+,9518b4ea-d7c1-3548-a4b6-977770f0954a,"Mineral, fossil & ren resource depletion",kg Sb eq,4df0eac4-44bb-46b6-b588-e3513a1ead2f,"Lead, Pb 3.6E-1%, in mixed ore",007439-92-1,in ground,Resource,kg,0.015
ILCD 2011 Midpoint+,9518b4ea-d7c1-3548-a4b6-977770f0954a,"Mineral, fossil & ren resource depletion",kg Sb eq,d0779a5e-6969-4144-954e-ceb81fb83f15,"Cobalt, in ground",,in ground,Resource,kg,0.0256
ILCD 2011 Midpoint+,9518b4ea-d7c1-3548-a4b6-977770f0954a,"Mineral, fossil & ren resource depletion",kg Sb eq,ed5ace5c-a203-4816-b33b-9fe0c5f0f519,"Copper, 1.13% in sulfide, Cu 0.76% and Ni 0.76% in crude ore",007440-50-8,in ground,Resource,kg,0.0025
ILCD 2011 Midpoint+,9518b4ea-d7c1-3548-a4b6-977770f0954a,"Mineral, fossil & ren resource depletion",kg Sb eq,4a89f19c-ac7d-3ca8-ad96-72c4c5f779bf,"Copper, Cu 5.2E-2%, Pt 4.8E-4%, Pd 2.0E-4%, Rh 2.4E-5%, Ni 3.7E-2% in ore",007440-50-8,in ground,Resource,kg,0.0025
ILCD 2011 Midpoint+,9518b4ea-d7c1-3548-a4b6-977770f0954a,"Mineral, fossil & ren resource depletion",kg Sb eq,9a7380d1-6e23-48ad-b35a-14bd1ecb3133,"Phosphorus, 18% in apatite, 4% in crude ore",007723-14-0,in ground,Resource,kg,0.00006
ILCD 2011 Midpoint+,9518b4ea-d7c1-3548-a4b6-977770f0954a,"Mineral, fossil & ren resource depletion",kg Sb eq,1aee4aa7-32e0-48e7-a6b5-73d8acf672d3,"Copper, 0.52% in sulfide, Cu 0.27% and Mo 8.2E-3% in crude ore",007440-50-8,in ground,Resource,kg,0.0025
ILCD 2011 Midpoint+,9518b4ea-d7c1-3548-a4b6-977770f0954a,"Mineral, fossil & ren resource depletion",kg Sb eq,0f1b21d0-2780-4742-87f2-28fb21a44db5,"Strontium, in ground",,in ground,Resource,kg,0.177
ILCD 2011 Midpoint+,9518b4ea-d7c1-3548-a4b6-977770f0954a,"Mineral, fossil & ren resource depletion",kg Sb eq,7a81cd45-7f4c-40b3-989c-6a65f42df999,"Tellurium, 0.5ppm in sulfide, Te 0.2ppm, Cu and Ag, in crude ore",013494-80-9,in ground,Resource,kg,7.21
ILCD 2011 Midpoint+,9518b4ea-d7c1-3548-a4b6-977770f0954a,"Mineral, fossil & ren resource depletion",kg Sb eq,2ba5e39b-adb6-4767-a51d-90c1cf32fe98,"Uranium, in ground",,in ground,Resource,kg,0.201
ILCD 2011 Midpoint+,9518b4ea-d7c1-3548-a4b6-977770f0954a,"Mineral, fossil & ren resource depletion",kg Sb eq,d28f9d42-5df5-41c3-be59-fdfa7ff57112,"Gold, Au 7.1E-4%, in ore",007440-57-5,in ground,Resource,kg,36
ILCD 2011 Midpoint+,9518b4ea-d7c1-3548-a4b6-977770f0954a,"Mineral, fossil & ren resource depletion",kg Sb eq,31998285-fb5c-411d-b853-ce78be2a0b49,"Copper, 1.18% in sulfide, Cu 0.39% and Mo 8.2E-3% in crude ore",007440-50-8,in ground,Resource,kg,0.0025
ILCD 2011 Midpoint+,9518b4ea-d7c1-3548-a4b6-977770f0954a,"Mineral, fossil & ren resource depletion",kg Sb eq,ac8571b8-b00b-479d-93cf-b9374feaee05,"Molybdenum, 0.016% in sulfide, Mo 8.2E-3% and Cu 0.27% in crude ore",007439-98-7,in ground,Resource,kg,0.0711
ILCD 2011 Midpoint+,9518b4ea-d7c1-3548-a4b6-977770f0954a,"Mineral, fossil & ren resource depletion",kg Sb eq,f8f1ba14-9934-4678-8a78-e2cf1fce7775,"Zinc, Zn 0.63%, Au 9.7E-4%, Ag 9.7E-4%, Cu 0.38%, Pb 0.014%, in ore",007440-66-6,in ground,Resource,kg,0.00365
ILCD 2011 Midpoint+,9518b4ea-d7c1-3548-a4b6-977770f0954a,"Mineral, fossil & ren resource depletion",kg Sb eq,c15f6c4d-bf7a-4a7c-91c6-53aad6a630a8,"Silver, 0.007% in sulfide, Ag 0.004%, Pb, Zn, Cd, In",007440-22-4,in ground,Resource,kg,8.42
ILCD 2011 Midpoint+,9518b4ea-d7c1-3548-a4b6-977770f0954a,"Mineral, fossil & ren resource depletion",kg Sb eq,535bbc83-033b-42fe-9a68-8dc9eb420385,"Pd, Pd 7.3E-4%, Pt 2.5E-4%, Rh 2.0E-5%, Ni 2.3E+0%, Cu 3.2E+0% in ore",,in ground,Resource,kg,9.36
ILCD 2011 Midpoint+,9518b4ea-d7c1-3548-a4b6-977770f0954a,"Mineral, fossil & ren resource depletion",kg Sb eq,7aaf1a4e-f72f-5dc6-b999-de4e99948eb8,Indium,007440-74-6,in ground,Resource,kg,555
ILCD 2011 Midpoint+,9518b4ea-d7c1-3548-a4b6-977770f0954a,"Mineral, fossil & ren resource depletion",kg Sb eq,974213ef-1ba0-40e5-bc7b-52ef099e9e09,"Nickel, in ground",,in ground,Resource,kg,0.00418
ILCD 2011 Midpoint+,9518b4ea-d7c1-3548-a4b6-977770f0954a,"Mineral, fossil & ren resource depletion",kg Sb eq,febbfa6e-44d4-42a0-abcd-aec8a428f75e,"Ni, Ni 3.7E-2%, Pt 4.8E-4%, Pd 2.0E-4%, Rh 2.4E-5%, Cu 5.2E-2% in ore",007440-02-0,in ground,Resource,kg,0.00418
ILCD 2011 Midpoint+,9518b4ea-d7c1-3548-a4b6-977770f0954a,"Mineral, fossil & ren resource depletion",kg Sb eq,8508a83c-6a37-4159-93cc-21a2645390ab,"Cu, Cu 5.2E-2%, Pt 4.8E-4%, Pd 2.0E-4%, Rh 2.4E-5%, Ni 3.7E-2% in ore",007440-50-8,in ground,Resource,kg,0.0025
ILCD 2011 Midpoint+,9518b4ea-d7c1-3548-a4b6-977770f0954a,"Mineral, fossil & ren resource depletion",kg Sb eq,b569dc97-52fe-4e39-9627-183b1002c287,"Copper, 2.19% in sulfide, Cu 1.83% and Mo 8.2E-3% in crude ore",007440-50-8,in ground,Resource,kg,0.0025
ILCD 2011 Midpoint+,9518b4ea-d7c1-3548-a4b6-977770f0954a,"Mineral, fossil & ren resource depletion",kg Sb eq,ebcc1f0c-6b19-501d-86a4-629df2a457b5,"Tungsten, in ground",007440-33-7,in ground,Resource,kg,0.254
ILCD 2011 Midpoint+,9518b4ea-d7c1-3548-a4b6-977770f0954a,"Mineral, fossil & ren resource depletion",kg Sb eq,e5a3dff5-72dc-5287-893c-597dd4a19566,"Molybdenum, in ground",007439-98-7,in ground,Resource,kg,0.0711
ILCD 2011 Midpoint+,9518b4ea-d7c1-3548-a4b6-977770f0954a,"Mineral, fossil & ren resource depletion",kg Sb eq,53d5ef26-66d8-4536-afa2-2f6b114189ba,"Tin, in ground",,in ground,Resource,kg,0.115
ILCD 2011 Midpoint+,9518b4ea-d7c1-3548-a4b6-977770f0954a,"Mineral, fossil & ren resource depletion",kg Sb eq,4f5aad55-54d2-4628-a509-b28ef1929bb4,"Gold, Au 6.8E-4%, Ag 1.5E-4%, in ore",007440-57-5,in ground,Resource,kg,36
ILCD 2011 Midpoint+,9518b4ea-d7c1-3548-a4b6-977770f0954a,"Mineral, fossil & ren resource depletion",kg Sb eq,7ae3bfc2-8532-11e0-9d78-0800200c9a66,"Uranium, 2291 GJ per kg, in ground",007440-61-1,in ground,Resource,kg,0.162
ILCD 2011 Midpoint+,9518b4ea-d7c1-3548-a4b6-977770f0954a,"Mineral, fossil & ren resource depletion",kg Sb eq,8ce3ff02-7a1e-48e3-881e-3248b944f28a,"Iron, in ground",,in ground,Resource,kg,0
ILCD 2011 Midpoint+,9518b4ea-d7c1-3548-a4b6-977770f0954a,"Mineral, fossil & ren resource depletion",kg Sb eq,3250f566-58bc-46d3-ab88-1d2e23ca3e1b,"Pt, Pt 2.5E-4%, Pd 7.3E-4%, Rh 2.0E-5%, Ni 2.3E+0%, Cu 3.2E+0% in ore",,in ground,Resource,kg,9.09
ILCD 2011 Midpoint+,9518b4ea-d7c1-3548-a4b6-977770f0954a,"Mineral, fossil & ren resource depletion",kg Sb eq,79df5650-160a-4ab7-a14f-cc8162877f4a,"Copper, 0.99% in sulfide, Cu 0.36% and Mo 8.2E-3% in crude ore",007440-50-8,in ground,Resource,kg,0.0025
ILCD 2011 Midpoint+,9518b4ea-d7c1-3548-a4b6-977770f0954a,"Mineral, fossil & ren resource depletion",kg Sb eq,8c888d2b-d608-4dac-bad5-1c2a17050838,"Gold, Au 4.9E-5%, in ore",007440-57-5,in ground,Resource,kg,36
ILCD 2011 Midpoint+,9518b4ea-d7c1-3548-a4b6-977770f0954a,"Mineral, fossil & ren resource depletion",kg Sb eq,19988f5b-a9a6-48f3-9e8e-150b66a1bf12,"Copper, 0.97% in sulfide, Cu 0.36% and Mo 4.1E-2% in crude ore",007440-50-8,in ground,Resource,kg,0.0025
ILCD 2011 Midpoint+,9518b4ea-d7c1-3548-a4b6-977770f0954a,"Mineral, fossil & ren resource depletion",kg Sb eq,d6c7644f-0d7c-4bb3-b8bb-686ebede951e,"Gold, Au 5.4E-4%, Ag 1.5E-5%, in ore",007440-57-5,in ground,Resource,kg,36
ILCD 2011 Midpoint+,9518b4ea-d7c1-3548-a4b6-977770f0954a,"Mineral, fossil & ren resource depletion",kg Sb eq,b4da1495-2556-46e0-a4d4-a8c9cc75014e,Beryllium,007440-41-7,in ground,Resource,kg,3.95
ILCD 2011 Midpoint+,9518b4ea-d7c1-3548-a4b6-977770f0954a,"Mineral, fossil & ren resource depletion",kg Sb eq,a9ac40a0-9bea-4c48-afa7-66aa6eb90624,"Copper, in ground",,in ground,Resource,kg,0.0025
ILCD 2011 Midpoint+,9518b4ea-d7c1-3548-a4b6-977770f0954a,"Mineral, fossil & ren resource depletion",kg Sb eq,99c56f25-9ebb-4e6a-a3e2-e4dc61e9d697,"Iron, 72% in magnetite, 14% in crude ore",,in ground,Resource,kg,0
ILCD 2011 Midpoint+,9518b4ea-d7c1-3548-a4b6-977770f0954a,"Mineral, fossil & ren resource depletion",kg Sb eq,9e5823ad-9d9b-4b98-b627-e39611b6a8bd,"Magnesium, in ground",,in ground,Resource,kg,0
ILCD 2011 Midpoint+,9518b4ea-d7c1-3548-a4b6-977770f0954a,"Mineral, fossil & ren resource depletion",kg Sb eq,fe0acd60-3ddc-11dd-a2be-0050c2490048,Molybdenum,007439-98-7,in ground,Resource,kg,0.0711
ILCD 2011 Midpoint+,9518b4ea-d7c1-3548-a4b6-977770f0954a,"Mineral, fossil & ren resource depletion",kg Sb eq,e189e2d4-3d3f-4ada-b302-91611784311f,"Chromium, in ground",,in ground,Resource,kg,0.00002
ILCD 2011 Midpoint+,9518b4ea-d7c1-3548-a4b6-977770f0954a,"Mineral, fossil & ren resource depletion",kg Sb eq,b4157c65-4181-3279-8c4b-30a58ca47b10,"Palladium, Pd 2.0E-4%, Pt 4.8E-4%, Rh 2.4E-5%, Ni 3.7E-2%, Cu 5.2E-2% in ore",007440-05-3,in ground,Resource,kg,9.36
ILCD 2011 Midpoint+,9518b4ea-d7c1-3548-a4b6-977770f0954a,"Mineral, fossil & ren resource depletion",kg Sb eq,d02343bd-b00d-4fb3-9bda-2e8183f3b012,"Silver, Ag 2.1E-4%, Au 2.1E-4%, in ore",007440-22-4,in ground,Resource,kg,8.42
ILCD 2011 Midpoint+,9518b4ea-d7c1-3548-a4b6-977770f0954a,"Mineral, fossil & ren resource depletion",kg Sb eq,82ea0e44-81d7-3b14-a7df-82124bb8c9b9,Primary energy from waves,,unspecified,Resource,MJ,0
ILCD 2011 Midpoint+,9518b4ea-d7c1-3548-a4b6-977770f0954a,"Mineral, fossil & ren resource depletion",kg Sb eq,c0b3cfc5-8179-4e84-9eb0-c0d21536eae0,Bauxite,001318-16-7,unspecified,Resource,kg,0.00001
ILCD 2011 Midpoint+,9518b4ea-d7c1-3548-a4b6-977770f0954a,"Mineral, fossil & ren resource depletion",kg Sb eq,e05c8867-5b09-3a7e-87f5-e4ec20a249d3,"Carbon, organic, in soil or biomass stock",007440-44-0,unspecified,Resource,kg,0.00044
ILCD 2011 Midpoint+,9518b4ea-d7c1-3548-a4b6-977770f0954a,"Mineral, fossil & ren resource depletion",kg Sb eq,6bac6516-c8a8-3cd7-8d15-4debe64f9958,"Garnet, industrial",,unspecified,Resource,kg,0.0044
ILCD 2011 Midpoint+,9518b4ea-d7c1-3548-a4b6-977770f0954a,"Mineral, fossil & ren resource depletion",kg Sb eq,3461154f-7720-42f3-8a29-50e7ada5ddb5,"Energy, recovered",,unspecified,Resource,MJ,0
ILCD 2011 Midpoint+,9518b4ea-d7c1-3548-a4b6-977770f0954a,"Mineral, fossil & ren resource depletion",kg Sb eq,0e10f51c-27ff-3e58-b740-1b7a8f89b14e,Ytterbium,007440-64-4,unspecified,Resource,kg,0.00057
ILCD 2011 Midpoint+,9518b4ea-d7c1-3548-a4b6-977770f0954a,"Mineral, fossil & ren resource depletion",kg Sb eq,063bb091-21df-3c63-9b7a-a4ddab9fa787,Terbium,007440-27-9,unspecified,Resource,kg,0.00057
ILCD 2011 Midpoint+,9518b4ea-d7c1-3548-a4b6-977770f0954a,"Mineral, fossil & ren resource depletion",kg Sb eq,2fdff66d-a2be-36fe-bd9a-ecf120682225,Thulium,007440-30-4,unspecified,Resource,kg,0.00057
ILCD 2011 Midpoint+,9518b4ea-d7c1-3548-a4b6-977770f0954a,"Mineral, fossil & ren resource depletion",kg Sb eq,b3c98550-318c-3ebb-b7e0-38b12ce6a388,Scandium,007440-20-2,unspecified,Resource,kg,0.00057
ILCD 2011 Midpoint+,9518b4ea-d7c1-3548-a4b6-977770f0954a,"Mineral, fossil & ren resource depletion",kg Sb eq,043d5b81-3976-36f8-acc1-2c3d50e84ddb,Holmium,007440-60-0,unspecified,Resource,kg,0.00057
ILCD 2011 Midpoint+,9518b4ea-d7c1-3548-a4b6-977770f0954a,"Mineral, fossil & ren resource depletion",kg Sb eq,73960f01-a555-31de-ab2f-26aad33e03e2,Dysprosium,007429-91-6,unspecified,Resource,kg,0.00057
ILCD 2011 Midpoint+,9518b4ea-d7c1-3548-a4b6-977770f0954a,"Mineral, fossil & ren resource depletion",kg Sb eq,5ab5680c-8a04-30c8-bce5-92f3391506a3,Lutetium,007439-94-3,unspecified,Resource,kg,0.00057
ILCD 2011 Midpoint+,9518b4ea-d7c1-3548-a4b6-977770f0954a,"Mineral, fossil & ren resource depletion",kg Sb eq,cad8285f-c81e-34ae-ab4e-62d798f52e58,Erbium,007440-52-0,unspecified,Resource,kg,0.00057
ILCD 2011 Midpoint+,9518b4ea-d7c1-3548-a4b6-977770f0954a,"Mineral, fossil & ren resource depletion",kg Sb eq,cf30719c-95bd-3f7d-b0a4-705659b99c63,Europium,007440-53-1,unspecified,Resource,kg,0.00057
ILCD 2011 Midpoint+,9518b4ea-d7c1-3548-a4b6-977770f0954a,"Mineral, fossil & ren resource depletion",kg Sb eq,4c113a61-7372-353f-b4f7-bd2f8234455f,Neodymium,007440-00-8,unspecified,Resource,kg,0.00057
ILCD 2011 Midpoint+,9518b4ea-d7c1-3548-a4b6-977770f0954a,"Mineral, fossil & ren resource depletion",kg Sb eq,953ba92e-3425-3d20-a191-376a3ae89378,Cerium,007440-45-1,unspecified,Resource,kg,0.00057
ILCD 2011 Midpoint+,9518b4ea-d7c1-3548-a4b6-977770f0954a,"Mineral, fossil & ren resource depletion",kg Sb eq,8cface8b-69a6-3faf-8316-9de0e4edc330,Gadolinium,007440-54-2,unspecified,Resource,kg,0.00057
ILCD 2011 Midpoint+,9518b4ea-d7c1-3548-a4b6-977770f0954a,"Mineral, fossil & ren resource depletion",kg Sb eq,5be2efff-b5e5-3191-bbc9-42c4e9cfb934,Praseodymium,007440-10-0,unspecified,Resource,kg,0.00057
ILCD 2011 Midpoint+,9518b4ea-d7c1-3548-a4b6-977770f0954a,"Mineral, fossil & ren resource depletion",kg Sb eq,0cd5f087-e6bd-3261-9178-e87062589125,Lanthanum,007439-91-0,unspecified,Resource,kg,0.00057
ILCD 2011 Midpoint+,9518b4ea-d7c1-3548-a4b6-977770f0954a,"Mineral, fossil & ren resource depletion",kg Sb eq,d5bdcbda-4230-3e6b-a083-2a1ada33922d,Vermiculite,001318-00-9,unspecified,Resource,kg,0.00111
ILCD 2011 Midpoint+,9518b4ea-d7c1-3548-a4b6-977770f0954a,"Mineral, fossil & ren resource depletion",kg Sb eq,e503857c-f617-3f3d-962a-3098e6c96a1e,Talc,014807-96-6,unspecified,Resource,kg,0.00118
ILCD 2011 Midpoint+,9518b4ea-d7c1-3548-a4b6-977770f0954a,"Mineral, fossil & ren resource depletion",kg Sb eq,f943b094-3282-37d7-a084-005f4d4f4b20,Perlite,093763-70-3,unspecified,Resource,kg,0.00004
ILCD 2011 Midpoint+,9518b4ea-d7c1-3548-a4b6-977770f0954a,"Mineral, fossil & ren resource depletion",kg Sb eq,73739d9c-564a-323a-878d-360193fc91e2,Sodium sulfate,007757-82-6,unspecified,Resource,kg,0.00001
ILCD 2011 Midpoint+,9518b4ea-d7c1-3548-a4b6-977770f0954a,"Mineral, fossil & ren resource depletion",kg Sb eq,f6c31640-a78e-4666-b1a1-a3eb174523d2,Sodium chloride,007647-14-5,unspecified,Resource,kg,0
ILCD 2011 Midpoint+,9518b4ea-d7c1-3548-a4b6-977770f0954a,"Mineral, fossil & ren resource depletion",kg Sb eq,a53dfac6-0dba-30c4-aa61-9eddc3d51677,Fluorspar,014542-23-5,unspecified,Resource,kg,0.00262
ILCD 2011 Midpoint+,9518b4ea-d7c1-3548-a4b6-977770f0954a,"Mineral, fossil & ren resource depletion",kg Sb eq,ed15bc56-5a7b-3311-bb4a-65f56aa194ed,"Uranium oxide, 332 GJ per kg, in ore",001317-99-3,unspecified,Resource,kg,0.119
ILCD 2011 Midpoint+,9518b4ea-d7c1-3548-a4b6-977770f0954a,"Mineral, fossil & ren resource depletion",kg Sb eq,ebb25656-3cb5-36f8-b309-f5387b499a74,"Energy, from pit methane",,unspecified,Resource,MJ,0
ILCD 2011 Midpoint+,9518b4ea-d7c1-3548-a4b6-977770f0954a,"Mineral, fossil & ren resource depletion",kg Sb eq,086f1f4e-2bfe-3327-8607-51ec73041410,"Energy, from oil sand (100% bitumen)",,unspecified,Resource,MJ,0
ILCD 2011 Midpoint+,9518b4ea-d7c1-3548-a4b6-977770f0954a,"Mineral, fossil & ren resource depletion",kg Sb eq,4d45bb27-725a-3dbb-92fa-087baf403c3a,"Energy, from oil sand (10% bitumen)",,unspecified,Resource,MJ,0
ILCD 2011 Midpoint+,9518b4ea-d7c1-3548-a4b6-977770f0954a,"Mineral, fossil & ren resource depletion",kg Sb eq,730399c8-335f-43f0-b1b2-d3f1cb2617b9,"Energy, solar, converted",,unspecified,Resource,MJ,0
ILCD 2011 Midpoint+,9518b4ea-d7c1-3548-a4b6-977770f0954a,"Mineral, fossil & ren resource depletion",kg Sb eq,9edca90e-5b03-310e-a0ad-1480f672b1b2,"Energy, geothermal",,unspecified,Resource,MJ,0
ILCD 2011 Midpoint+,9518b4ea-d7c1-3548-a4b6-977770f0954a,"Mineral, fossil & ren resource depletion",kg Sb eq,6907e368-6a12-4f14-9125-d0c2eea91b63,"Energy, kinetic (in wind), converted",,unspecified,Resource,MJ,0
ILCD 2011 Midpoint+,9518b4ea-d7c1-3548-a4b6-977770f0954a,"Mineral, fossil & ren resource depletion",kg Sb eq,f54b7f8d-f473-495e-8fc4-637859ab6e3a,"Energy, geothermal, converted",,unspecified,Resource,MJ,0
ILCD 2011 Midpoint+,9518b4ea-d7c1-3548-a4b6-977770f0954a,"Mineral, fossil & ren resource depletion",kg Sb eq,b281f40a-9bd2-3973-b92d-a03734b4a506,"Energy, from hydro power",,unspecified,Resource,MJ,0
ILCD 2011 Midpoint+,9518b4ea-d7c1-3548-a4b6-977770f0954a,"Mineral, fossil & ren resource depletion",kg Sb eq,62c6f0b4-0d4c-35ff-8233-b422f1312961,"Energy, from hydrogen",,unspecified,Resource,MJ,0
ILCD 2011 Midpoint+,9518b4ea-d7c1-3548-a4b6-977770f0954a,"Mineral, fossil & ren resource depletion",kg Sb eq,c69c1aac-2cd0-4bcf-8c98-434ef19d3a88,"Energy, potential (in hydropower reservoir), converted",,unspecified,Resource,MJ,0
ILCD 2011 Midpoint+,9518b4ea-d7c1-3548-a4b6-977770f0954a,"Mineral, fossil & ren resource depletion",kg Sb eq,ec0d301e-fd17-301d-8cc8-9fd0306d0cc5,"Energy, from wood",,unspecified,Resource,MJ,0
ILCD 2011 Midpoint+,9518b4ea-d7c1-3548-a4b6-977770f0954a,"Mineral, fossil & ren resource depletion",kg Sb eq,842ed4a3-54cf-4fd0-bad5-c6bfefa8ef09,"Energy, gross calorific value, in biomass",,unspecified,Resource,MJ,0
ILCD 2011 Midpoint+,9518b4ea-d7c1-3548-a4b6-977770f0954a,"Mineral, fossil & ren resource depletion",kg Sb eq,c0b949da-6998-3336-892e-f338913e0753,"Energy, from biomass",,unspecified,Resource,MJ,0
ILCD 2011 Midpoint+,9518b4ea-d7c1-3548-a4b6-977770f0954a,"Mineral, fossil & ren resource depletion",kg Sb eq,f5e85aac-ba83-4875-9bcb-d30d1683fe64,"Energy, gross calorific value, in biomass, primary forest",,unspecified,Resource,MJ,0
ILCD 2011 Midpoint+,9518b4ea-d7c1-3548-a4b6-977770f0954a,"Mineral, fossil & ren resource depletion",kg Sb eq,6a85f9e5-cf4d-34c9-92ef-dd91b5d95b95,"Energy, from peat",,unspecified,Resource,MJ,0
ILCD 2011 Midpoint+,9518b4ea-d7c1-3548-a4b6-977770f0954a,"Mineral, fossil & ren resource depletion",kg Sb eq,ba4d9a8d-6484-35db-b78b-de6bc215afbf,Peat,,unspecified,Resource,kg,0
ILCD 2011 Midpoint+,9518b4ea-d7c1-3548-a4b6-977770f0954a,"Mineral, fossil & ren resource depletion",kg Sb eq,761ac87a-d818-4f18-9a25-32a16d7bfbfb,"Energy, from uranium",,unspecified,Resource,MJ,0
ILCD 2011 Midpoint+,9518b4ea-d7c1-3548-a4b6-977770f0954a,"Mineral, fossil & ren resource depletion",kg Sb eq,b4afc09d-7159-4ced-8416-1cbf390c3b86,"Uranium ore, 1.11 GJ per kg",,unspecified,Resource,kg,0.0004
ILCD 2011 Midpoint+,9518b4ea-d7c1-3548-a4b6-977770f0954a,"Mineral, fossil & ren resource depletion",kg Sb eq,ba92adb0-868f-37dc-9521-d7e25d11fe35,"Gas, natural/kg",008006-14-2,unspecified,Resource,kg,0
ILCD 2011 Midpoint+,9518b4ea-d7c1-3548-a4b6-977770f0954a,"Mineral, fossil & ren resource depletion",kg Sb eq,dd9be6f3-3f38-3834-93b1-cf98b8f03d9e,"Coal, brown, 8 MJ per kg",,unspecified,Resource,kg,0
ILCD 2011 Midpoint+,9518b4ea-d7c1-3548-a4b6-977770f0954a,"Mineral, fossil & ren resource depletion",kg Sb eq,897eac83-f116-4c80-9264-38916e1877e3,"Oil, crude, feedstock, 42 MJ per kg, in ground",,unspecified,Resource,kg,0
ILCD 2011 Midpoint+,9518b4ea-d7c1-3548-a4b6-977770f0954a,"Mineral, fossil & ren resource depletion",kg Sb eq,76f1e69d-4a81-3589-86a8-56bb42226342,"Oil, crude, 38400 MJ per m3",,unspecified,Resource,m3,0
ILCD 2011 Midpoint+,9518b4ea-d7c1-3548-a4b6-977770f0954a,"Mineral, fossil & ren resource depletion",kg Sb eq,7fe7f6f1-c9cb-4fe3-9322-a1194d5a7ce3,"Oil, crude, feedstock, 41 MJ per kg, in ground",,unspecified,Resource,kg,0
ILCD 2011 Midpoint+,9518b4ea-d7c1-3548-a4b6-977770f0954a,"Mineral, fossil & ren resource depletion",kg Sb eq,7cbdcfba-7fe3-3178-bdf6-52d6d27a2dcd,"Gas, petroleum, 35 MJ per m3",,unspecified,Resource,m3,0
ILCD 2011 Midpoint+,9518b4ea-d7c1-3548-a4b6-977770f0954a,"Mineral, fossil & ren resource depletion",kg Sb eq,7ff5e639-4e7e-4708-8947-c4d1c499d331,"Oil, crude, 42.7 MJ per kg",,unspecified,Resource,kg,0
ILCD 2011 Midpoint+,9518b4ea-d7c1-3548-a4b6-977770f0954a,"Mineral, fossil & ren resource depletion",kg Sb eq,5d1c7444-561f-41a5-90bc-db10b6d47e19,"Oil, crude, 42.6 MJ per kg, in ground",,unspecified,Resource,kg,0
ILCD 2011 Midpoint+,9518b4ea-d7c1-3548-a4b6-977770f0954a,"Mineral, fossil & ren resource depletion",kg Sb eq,55031fb3-9c72-4bcc-b320-e190790bbc74,"Oil, crude",,unspecified,Resource,kg,0
ILCD 2011 Midpoint+,9518b4ea-d7c1-3548-a4b6-977770f0954a,"Mineral, fossil & ren resource depletion",kg Sb eq,499c30fe-0313-39d2-81a5-4677ec647e7e,"Oil, crude, 41 MJ per kg",,unspecified,Resource,kg,0
ILCD 2011 Midpoint+,9518b4ea-d7c1-3548-a4b6-977770f0954a,"Mineral, fossil & ren resource depletion",kg Sb eq,6ce75e2f-5859-33d5-b738-84800e921a5f,"Energy, from gas, natural",,unspecified,Resource,MJ,0
ILCD 2011 Midpoint+,9518b4ea-d7c1-3548-a4b6-977770f0954a,"Mineral, fossil & ren resource depletion",kg Sb eq,0704ef18-e419-3d75-890a-6097e4aa894b,"Coal, hard, 30.7 MJ per kg",,unspecified,Resource,kg,0
ILCD 2011 Midpoint+,9518b4ea-d7c1-3548-a4b6-977770f0954a,"Mineral, fossil & ren resource depletion",kg Sb eq,593de2c4-0be4-3445-b86a-40e25630b80d,"Energy, from oil",,unspecified,Resource,MJ,0
ILCD 2011 Midpoint+,9518b4ea-d7c1-3548-a4b6-977770f0954a,"Mineral, fossil & ren resource depletion",kg Sb eq,cec69965-a131-444d-94ed-a00677f6ef13,"Coal, 29.3 MJ per kg",,unspecified,Resource,kg,0
ILCD 2011 Midpoint+,9518b4ea-d7c1-3548-a4b6-977770f0954a,"Mineral, fossil & ren resource depletion",kg Sb eq,cad92813-6ec8-35c0-855b-5f3864fa77c3,"Gas, mine, off-gas, process, coal mining/m3",008006-14-2,unspecified,Resource,m3,0
ILCD 2011 Midpoint+,9518b4ea-d7c1-3548-a4b6-977770f0954a,"Mineral, fossil & ren resource depletion",kg Sb eq,08386c0e-decf-4125-8bde-dfd8c07bb798,"Energy, unspecified",,unspecified,Resource,MJ,0
ILCD 2011 Midpoint+,9518b4ea-d7c1-3548-a4b6-977770f0954a,"Mineral, fossil & ren resource depletion",kg Sb eq,7ff56da9-d736-4903-b1ea-80ed85c5cfe0,"Coal, brown, 10 MJ per kg, in ground",,unspecified,Resource,kg,0
ILCD 2011 Midpoint+,9518b4ea-d7c1-3548-a4b6-977770f0954a,"Mineral, fossil & ren resource depletion",kg Sb eq,9854e081-33dc-489d-aca2-d164c87220da,"Gas, natural, 35 MJ per m3",008006-14-2,unspecified,Resource,m3,0
ILCD 2011 Midpoint+,9518b4ea-d7c1-3548-a4b6-977770f0954a,"Mineral, fossil & ren resource depletion",kg Sb eq,b4502f91-3aba-4ab2-b495-7f124807c5d6,"Coal, brown, 8 MJ per kg, in ground",,unspecified,Resource,kg,0
ILCD 2011 Midpoint+,9518b4ea-d7c1-3548-a4b6-977770f0954a,"Mineral, fossil & ren resource depletion",kg Sb eq,a23a7124-2817-421d-9a0f-6ed680978fde,"Coal, bituminous, 24.8 MJ per kg",,unspecified,Resource,kg,0
ILCD 2011 Midpoint+,9518b4ea-d7c1-3548-a4b6-977770f0954a,"Mineral, fossil & ren resource depletion",kg Sb eq,03599e77-3732-41ae-8d66-5e15c8bb34ba,"Coal, 26.4 MJ per kg",,unspecified,Resource,kg,0
ILCD 2011 Midpoint+,9518b4ea-d7c1-3548-a4b6-977770f0954a,"Mineral, fossil & ren resource depletion",kg Sb eq,d8855b03-3e44-4f74-b72e-23a56de3b46b,"Coal, feedstock, 26.4 MJ per kg, in ground",,unspecified,Resource,kg,0
ILCD 2011 Midpoint+,9518b4ea-d7c1-3548-a4b6-977770f0954a,"Mineral, fossil & ren resource depletion",kg Sb eq,5bea06b9-bffe-484a-815c-ff5d934b911b,"Gas, natural, 30.3 MJ per kg",008006-14-2,unspecified,Resource,kg,0
ILCD 2011 Midpoint+,9518b4ea-d7c1-3548-a4b6-977770f0954a,"Mineral, fossil & ren resource depletion",kg Sb eq,f70b9100-1667-4410-95bf-3e0f2ed7a46d,"Gas, petroleum, 35 MJ per m3, in ground",,unspecified,Resource,m3,0
ILCD 2011 Midpoint+,9518b4ea-d7c1-3548-a4b6-977770f0954a,"Mineral, fossil & ren resource depletion",kg Sb eq,52977b58-f9d3-411b-8620-0dc8d2d33cba,"Coal, 18 MJ per kg, in ground",,unspecified,Resource,kg,0
ILCD 2011 Midpoint+,9518b4ea-d7c1-3548-a4b6-977770f0954a,"Mineral, fossil & ren resource depletion",kg Sb eq,d508c71c-0761-421a-89e2-eb408051fe37,"Gas, natural, feedstock, 46.8 MJ per kg",008006-14-2,unspecified,Resource,kg,0
ILCD 2011 Midpoint+,9518b4ea-d7c1-3548-a4b6-977770f0954a,"Mineral, fossil & ren resource depletion",kg Sb eq,6ea27a5b-fb6d-489d-b874-90cca86a30c6,"Oil, crude, 38400 MJ per m3, in ground",,unspecified,Resource,m3,0
ILCD 2011 Midpoint+,9518b4ea-d7c1-3548-a4b6-977770f0954a,"Mineral, fossil & ren resource depletion",kg Sb eq,78f765aa-0178-3a2e-b72e-1a2c99779265,"Gas, off-gas, oil production",,unspecified,Resource,m3,0
ILCD 2011 Midpoint+,9518b4ea-d7c1-3548-a4b6-977770f0954a,"Mineral, fossil & ren resource depletion",kg Sb eq,3054566f-830a-3ffd-ad5b-cb8f12d18642,"Coal, brown, 10 MJ per kg",,unspecified,Resource,kg,0
ILCD 2011 Midpoint+,9518b4ea-d7c1-3548-a4b6-977770f0954a,"Mineral, fossil & ren resource depletion",kg Sb eq,a65e5f73-a72a-4bc8-a4e3-58bfaf33baaa,"Oil, crude, 42 MJ per kg",,unspecified,Resource,kg,0
ILCD 2011 Midpoint+,9518b4ea-d7c1-3548-a4b6-977770f0954a,"Mineral, fossil & ren resource depletion",kg Sb eq,0e3139fc-4b5d-37e1-b328-2f4ae75b6482,"Coal, 18 MJ per kg",,unspecified,Resource,kg,0
ILCD 2011 Midpoint+,9518b4ea-d7c1-3548-a4b6-977770f0954a,"Mineral, fossil & ren resource depletion",kg Sb eq,c5f0467d-ea04-49db-ae3a-ee4c90a0394e,"Coal, brown",,unspecified,Resource,kg,0
ILCD 2011 Midpoint+,9518b4ea-d7c1-3548-a4b6-977770f0954a,"Mineral, fossil & ren resource depletion",kg Sb eq,72b01564-92f0-4d8e-ba33-80c71b19b113,"Gas, off-gas, oil production, in ground",,unspecified,Resource,m3,0
ILCD 2011 Midpoint+,9518b4ea-d7c1-3548-a4b6-977770f0954a,"Mineral, fossil & ren resource depletion",kg Sb eq,a816a3b7-0e97-43c4-992e-6a4028316699,"Gas, natural, 46.8 MJ per kg",008006-14-2,unspecified,Resource,kg,0
ILCD 2011 Midpoint+,9518b4ea-d7c1-3548-a4b6-977770f0954a,"Mineral, fossil & ren resource depletion",kg Sb eq,1be19e70-468e-43dc-bfd0-f650dfb1db40,"Coal, hard, unspecified",,unspecified,Resource,kg,0
ILCD 2011 Midpoint+,9518b4ea-d7c1-3548-a4b6-977770f0954a,"Mineral, fossil & ren resource depletion",kg Sb eq,31334b63-ce85-3198-94a0-01b5cdb83bf2,"Energy, from coal",,unspecified,Resource,MJ,0
ILCD 2011 Midpoint+,9518b4ea-d7c1-3548-a4b6-977770f0954a,"Mineral, fossil & ren resource depletion",kg Sb eq,a977e260-0b46-3dad-ae6e-d3db06fa7fef,"Energy, from sulfur",,unspecified,Resource,MJ,0
ILCD 2011 Midpoint+,9518b4ea-d7c1-3548-a4b6-977770f0954a,"Mineral, fossil & ren resource depletion",kg Sb eq,3a5a2032-f878-33dd-89d1-89272cb2d2dd,"Oil, crude, 42.6 MJ per kg",,unspecified,Resource,kg,0
ILCD 2011 Midpoint+,9518b4ea-d7c1-3548-a4b6-977770f0954a,"Mineral, fossil & ren resource depletion",kg Sb eq,35009b58-7a33-41aa-a15e-95b37717842b,"Gas, natural, 36.6 MJ per m3",008006-14-2,unspecified,Resource,m3,0
ILCD 2011 Midpoint+,9518b4ea-d7c1-3548-a4b6-977770f0954a,"Mineral, fossil & ren resource depletion",kg Sb eq,55c0da10-4977-3302-a190-63962ad16cbf,"Coal, hard",,unspecified,Resource,kg,0
ILCD 2011 Midpoint+,9518b4ea-d7c1-3548-a4b6-977770f0954a,"Mineral, fossil & ren resource depletion",kg Sb eq,e0e52d2d-4d09-315e-b523-b829baf8121d,"Oil, crude, feedstock, 41 MJ per kg",,unspecified,Resource,kg,0
ILCD 2011 Midpoint+,9518b4ea-d7c1-3548-a4b6-977770f0954a,"Mineral, fossil & ren resource depletion",kg Sb eq,c963b1c1-ef1f-33a0-9ce4-af41995e66ba,"Energy, from coal, brown",,unspecified,Resource,MJ,0
ILCD 2011 Midpoint+,9518b4ea-d7c1-3548-a4b6-977770f0954a,"Mineral, fossil & ren resource depletion",kg Sb eq,ded94170-7b12-4442-bbd3-a0b1260a4dd9,"Gas, natural, feedstock, 35 MJ per m3",008006-14-2,unspecified,Resource,m3,0
ILCD 2011 Midpoint+,9518b4ea-d7c1-3548-a4b6-977770f0954a,"Mineral, fossil & ren resource depletion",kg Sb eq,c1a1cd50-d4e8-32da-8864-7f4565b4076b,"Oil, crude, feedstock, 42 MJ per kg",,unspecified,Resource,kg,0
ILCD 2011 Midpoint+,9518b4ea-d7c1-3548-a4b6-977770f0954a,"Mineral, fossil & ren resource depletion",kg Sb eq,b8b73d09-394b-4e05-8e08-6e77387dc2e4,"Gas, mine, off-gas, process, coal mining/kg",008006-14-2,unspecified,Resource,kg,0
ILCD 2011 Midpoint+,9518b4ea-d7c1-3548-a4b6-977770f0954a,"Mineral, fossil & ren resource depletion",kg Sb eq,01918e03-46b5-4d15-9e48-01e3332859cc,"Oil, crude, 41 MJ per kg, in ground",,unspecified,Resource,kg,0
ILCD 2011 Midpoint+,9518b4ea-d7c1-3548-a4b6-977770f0954a,"Mineral, fossil & ren resource depletion",kg Sb eq,57705642-2dff-46b4-a776-6ae778997801,"Gas, natural/m3",008006-14-2,unspecified,Resource,m3,0
ILCD 2011 Midpoint+,9518b4ea-d7c1-3548-a4b6-977770f0954a,"Mineral, fossil & ren resource depletion",kg Sb eq,0a0aa3d6-72c7-36d3-8a81-ed1056109de4,"Coal, feedstock, 26.4 MJ per kg",,unspecified,Resource,kg,0
ILCD 2011 Midpoint+,9518b4ea-d7c1-3548-a4b6-977770f0954a,"Mineral, fossil & ren resource depletion",kg Sb eq,929b7d7e-39d5-4320-8282-856d9a9f7f3f,Platinum,007440-06-4,unspecified,Resource,kg,9.09
ILCD 2011 Midpoint+,9518b4ea-d7c1-3548-a4b6-977770f0954a,"Mineral, fossil & ren resource depletion",kg Sb eq,3ce34ecb-5eb5-3b11-b680-7e59f83c460e,Lithium,007439-93-2,unspecified,Resource,kg,0.0133
ILCD 2011 Midpoint+,9518b4ea-d7c1-3548-a4b6-977770f0954a,"Mineral, fossil & ren resource depletion",kg Sb eq,e59196e8-0e9c-4503-996d-8615f1beb8a3,Gold,007440-57-5,unspecified,Resource,kg,36
ILCD 2011 Midpoint+,9518b4ea-d7c1-3548-a4b6-977770f0954a,"Mineral, fossil & ren resource depletion",kg Sb eq,59d62bfc-235a-45c3-8740-4483b1cea7a2,Selenium,007782-49-2,unspecified,Resource,kg,7.35
ILCD 2011 Midpoint+,9518b4ea-d7c1-3548-a4b6-977770f0954a,"Mineral, fossil & ren resource depletion",kg Sb eq,c50d462b-786b-4262-8c32-aed61fd80320,Tellurium,013494-80-9,unspecified,Resource,kg,7.21
ILCD 2011 Midpoint+,9518b4ea-d7c1-3548-a4b6-977770f0954a,"Mineral, fossil & ren resource depletion",kg Sb eq,969bbecd-29ae-3dfa-a52e-c7e75cdaa069,"Copper, Cu 3.2E+0%, Pt 2.5E-4%, Pd 7.3E-4%, Rh 2.0E-5%, Ni 2.3E+0% in ore",007440-50-8,unspecified,Resource,kg,0.0025
ILCD 2011 Midpoint+,9518b4ea-d7c1-3548-a4b6-977770f0954a,"Mineral, fossil & ren resource depletion",kg Sb eq,095dbf93-42f8-4aa6-a6df-2e3d1461ad0d,Tantalum,007440-25-7,unspecified,Resource,kg,11.5
ILCD 2011 Midpoint+,9518b4ea-d7c1-3548-a4b6-977770f0954a,"Mineral, fossil & ren resource depletion",kg Sb eq,7161425c-f76a-41a3-9ceb-cc2b264317e4,Cadmium,007440-43-9,unspecified,Resource,kg,1.11
ILCD 2011 Midpoint+,9518b4ea-d7c1-3548-a4b6-977770f0954a,"Mineral, fossil & ren resource depletion",kg Sb eq,8a9907a3-c364-47f5-9271-5c27cd106b2f,"Gold, Au 2.1E-4%, Ag 2.1E-4%, in ore",007440-57-5,unspecified,Resource,kg,36
ILCD 2011 Midpoint+,9518b4ea-d7c1-3548-a4b6-977770f0954a,"Mineral, fossil & ren resource depletion",kg Sb eq,8fda8d30-04fe-45c8-8a4f-48ec4cdae6a3,Mercury,007439-97-6,unspecified,Resource,kg,2.62
ILCD 2011 Midpoint+,9518b4ea-d7c1-3548-a4b6-977770f0954a,"Mineral, fossil & ren resource depletion",kg Sb eq,8a729e15-d498-3f28-9853-f97d06d4cb31,"Palladium, Pd 7.3E-4%, Pt 2.5E-4%, Rh 2.0E-5%, Ni 2.3E+0%, Cu 3.2E+0% in ore",007440-05-3,unspecified,Resource,kg,9.36
ILCD 2011 Midpoint+,9518b4ea-d7c1-3548-a4b6-977770f0954a,"Mineral, fossil & ren resource depletion",kg Sb eq,b46ecf0a-7bf5-313d-9aad-7e1f30f59302,"Uranium, 2291 GJ per kg",007440-61-1,unspecified,Resource,kg,0.822
ILCD 2011 Midpoint+,9518b4ea-d7c1-3548-a4b6-977770f0954a,"Mineral, fossil & ren resource depletion",kg Sb eq,c26360fc-8a3a-4b16-b311-2b087365ad92,"Zinc 9%, Lead 5%, in sulfide",007440-66-6,unspecified,Resource,kg,0.00365
ILCD 2011 Midpoint+,9518b4ea-d7c1-3548-a4b6-977770f0954a,"Mineral, fossil & ren resource depletion",kg Sb eq,15ecd7f4-7734-44ec-af1c-8d3a46d27f1f,Cobalt,007440-48-4,unspecified,Resource,kg,0.0256
ILCD 2011 Midpoint+,9518b4ea-d7c1-3548-a4b6-977770f0954a,"Mineral, fossil & ren resource depletion",kg Sb eq,05a7548c-51aa-35d7-bfc9-dc95fcbb5218,"Silver, Ag 1.5E-4%, Au 6.8E-4%, in ore",007440-22-4,unspecified,Resource,kg,8.42
ILCD 2011 Midpoint+,9518b4ea-d7c1-3548-a4b6-977770f0954a,"Mineral, fossil & ren resource depletion",kg Sb eq,a2bb0239-156c-43d3-a41c-b5b4140785ec,Sulfur,007704-34-9,unspecified,Resource,kg,0.00039
ILCD 2011 Midpoint+,9518b4ea-d7c1-3548-a4b6-977770f0954a,"Mineral, fossil & ren resource depletion",kg Sb eq,2737dccb-d7b8-4002-a3f5-1ab6e1c6515e,Manganese,007439-96-5,unspecified,Resource,kg,0.00002
ILCD 2011 Midpoint+,9518b4ea-d7c1-3548-a4b6-977770f0954a,"Mineral, fossil & ren resource depletion",kg Sb eq,22c4fde1-3c61-33f6-80d6-a575560c85ee,"Nickel, Ni 3.7E-2%, Pt 4.8E-4%, Pd 2.0E-4%, Rh 2.4E-5%, Cu 5.2E-2% in ore",007440-02-0,unspecified,Resource,kg,0.00418
ILCD 2011 Midpoint+,9518b4ea-d7c1-3548-a4b6-977770f0954a,"Mineral, fossil & ren resource depletion",kg Sb eq,64b9a86e-2342-35b8-8deb-97fa27e1dd83,"Copper, Cu 0.2%, in mixed ore",007440-50-8,unspecified,Resource,kg,0.0025
ILCD 2011 Midpoint+,9518b4ea-d7c1-3548-a4b6-977770f0954a,"Mineral, fossil & ren resource depletion",kg Sb eq,60f595cf-f180-419a-b86c-49de660d6295,"Copper, Cu 0.38%, Au 9.7E-4%, Ag 9.7E-4%, Zn 0.63%, Pb 0.014%, in ore",007440-50-8,unspecified,Resource,kg,0.0025
ILCD 2011 Midpoint+,9518b4ea-d7c1-3548-a4b6-977770f0954a,"Mineral, fossil & ren resource depletion",kg Sb eq,bcd7879c-1e11-4265-889a-dbdacbe6e72a,"Copper, 1.18% in sulfide, Cu 0.39% and Mo 8.2E-3% in crude ore",007440-50-8,unspecified,Resource,kg,0.0025
ILCD 2011 Midpoint+,9518b4ea-d7c1-3548-a4b6-977770f0954a,"Mineral, fossil & ren resource depletion",kg Sb eq,d771d695-92b5-4378-87c8-5b9acbd037b9,"Nickel, 1.98% in silicates, 1.04% in crude ore",007440-02-0,unspecified,Resource,kg,0.00418
ILCD 2011 Midpoint+,9518b4ea-d7c1-3548-a4b6-977770f0954a,"Mineral, fossil & ren resource depletion",kg Sb eq,7a573ae8-6dbe-4377-9194-65c35bc13954,Potassium,007440-09-7,unspecified,Resource,kg,0.00001
ILCD 2011 Midpoint+,9518b4ea-d7c1-3548-a4b6-977770f0954a,"Mineral, fossil & ren resource depletion",kg Sb eq,8dc2a251-ffb4-4131-b3ad-54eaf3a71afe,"Copper, 0.52% in sulfide, Cu 0.27% and Mo 8.2E-3% in crude ore",007440-50-8,unspecified,Resource,kg,0.0025
ILCD 2011 Midpoint+,9518b4ea-d7c1-3548-a4b6-977770f0954a,"Mineral, fossil & ren resource depletion",kg Sb eq,17dfe28e-1351-4223-9329-819c1ba6904e,Tin,007440-31-5,unspecified,Resource,kg,0.115
ILCD 2011 Midpoint+,9518b4ea-d7c1-3548-a4b6-977770f0954a,"Mineral, fossil & ren resource depletion",kg Sb eq,296a7d5b-e4b0-468d-9032-73e97cf86a7e,"Molybdenum, 0.022% in sulfide, Mo 8.2E-3% and Cu 0.36% in crude ore",007439-98-7,unspecified,Resource,kg,0.0711
ILCD 2011 Midpoint+,9518b4ea-d7c1-3548-a4b6-977770f0954a,"Mineral, fossil & ren resource depletion",kg Sb eq,3f847d02-a125-3029-ad1a-42bf97a8fba3,"Silver, Ag 1.5E-5%, Au 5.4E-4%, in ore",007440-22-4,unspecified,Resource,kg,8.42
ILCD 2011 Midpoint+,9518b4ea-d7c1-3548-a4b6-977770f0954a,"Mineral, fossil & ren resource depletion",kg Sb eq,4382a809-3099-4528-bbbf-5f6b1b3e719d,"Lead, Pb 0.014%, Au 9.7E-4%, Ag 9.7E-4%, Zn 0.63%, Cu 0.38%, in ore",007439-92-1,unspecified,Resource,kg,0.015
ILCD 2011 Midpoint+,9518b4ea-d7c1-3548-a4b6-977770f0954a,"Mineral, fossil & ren resource depletion",kg Sb eq,5994dad9-49b3-44ce-bde6-af4177e0bd65,Indium,007440-74-6,unspecified,Resource,kg,555
ILCD 2011 Midpoint+,9518b4ea-d7c1-3548-a4b6-977770f0954a,"Mineral, fossil & ren resource depletion",kg Sb eq,e5938101-6014-4f25-8bad-ae7500f8b396,"Silver, Ag 2.1E-4%, Au 2.1E-4%, in ore",007440-22-4,unspecified,Resource,kg,8.42
ILCD 2011 Midpoint+,9518b4ea-d7c1-3548-a4b6-977770f0954a,"Mineral, fossil & ren resource depletion",kg Sb eq,a9f16aaa-003c-330c-976a-0bb38146b72b,Bismuth,007440-69-9,unspecified,Resource,kg,4.49
ILCD 2011 Midpoint+,9518b4ea-d7c1-3548-a4b6-977770f0954a,"Mineral, fossil & ren resource depletion",kg Sb eq,7044c00f-1e27-4080-aaa2-c582c51fb8b3,Phosphorus,007723-14-0,unspecified,Resource,kg,0.00006
ILCD 2011 Midpoint+,9518b4ea-d7c1-3548-a4b6-977770f0954a,"Mineral, fossil & ren resource depletion",kg Sb eq,ce585225-66bf-4972-be6c-d564c0a67df3,"Gold, Au 1.3E-4%, Ag 4.6E-5%, in ore",007440-57-5,unspecified,Resource,kg,36
ILCD 2011 Midpoint+,9518b4ea-d7c1-3548-a4b6-977770f0954a,"Mineral, fossil & ren resource depletion",kg Sb eq,4cb9290c-9f5b-3400-9eaa-ddb18e7ec976,"Platinum, Pt 4.8E-4%, Pd 2.0E-4%, Rh 2.4E-5%, Ni 3.7E-2%, Cu 5.2E-2% in ore",007440-06-4,unspecified,Resource,kg,9.09
ILCD 2011 Midpoint+,9518b4ea-d7c1-3548-a4b6-977770f0954a,"Mineral, fossil & ren resource depletion",kg Sb eq,0305b169-255d-4041-8f5d-6e095bcb6358,Aluminium,007429-90-5,unspecified,Resource,kg,0.00003
ILCD 2011 Midpoint+,9518b4ea-d7c1-3548-a4b6-977770f0954a,"Mineral, fossil & ren resource depletion",kg Sb eq,f5523a4a-4f4a-4d74-afa8-855943253541,Silver,007440-22-4,unspecified,Resource,kg,8.42
ILCD 2011 Midpoint+,9518b4ea-d7c1-3548-a4b6-977770f0954a,"Mineral, fossil & ren resource depletion",kg Sb eq,8e3f0f3b-6e78-3b08-892c-b4bc02eee99e,"Molybdenum, 0.11% in sulfide, Mo 0.41% and Cu 0.36% in crude ore",007439-98-7,unspecified,Resource,kg,0.0711
ILCD 2011 Midpoint+,9518b4ea-d7c1-3548-a4b6-977770f0954a,"Mineral, fossil & ren resource depletion",kg Sb eq,a5056cbf-a6f9-4095-b2dc-5055f4d28c9a,"Gold, Au 7.1E-4%, in ore",007440-57-5,unspecified,Resource,kg,36
ILCD 2011 Midpoint+,9518b4ea-d7c1-3548-a4b6-977770f0954a,"Mineral, fossil & ren resource depletion",kg Sb eq,deee5b4a-14dd-4600-ba18-48221882d9b9,"Copper, 1.13% in sulfide, Cu 0.76% and Ni 0.76% in crude ore",007440-50-8,unspecified,Resource,kg,0.0025
ILCD 2011 Midpoint+,9518b4ea-d7c1-3548-a4b6-977770f0954a,"Mineral, fossil & ren resource depletion",kg Sb eq,2258583e-4857-49f1-a7a8-3a653a023fbf,"Silver, 0.007% in sulfide, Ag 0.004%, Pb, Zn, Cd, In",007440-22-4,unspecified,Resource,kg,8.42
ILCD 2011 Midpoint+,9518b4ea-d7c1-3548-a4b6-977770f0954a,"Mineral, fossil & ren resource depletion",kg Sb eq,88dedb56-1a42-47a3-bdf6-c4c13b7368ae,Palladium,007440-05-3,unspecified,Resource,kg,9.36
ILCD 2011 Midpoint+,9518b4ea-d7c1-3548-a4b6-977770f0954a,"Mineral, fossil & ren resource depletion",kg Sb eq,ce00f777-5060-4ef6-9eee-3a593845d620,"Silver, Ag 4.2E-3%, Au 1.1E-4%, in ore",007440-22-4,unspecified,Resource,kg,8.42
ILCD 2011 Midpoint+,9518b4ea-d7c1-3548-a4b6-977770f0954a,"Mineral, fossil & ren resource depletion",kg Sb eq,2a73815a-9774-35ed-a8fa-6952fa17a3e0,"Lead, Pb 3.6E-1%, in mixed ore",007439-92-1,unspecified,Resource,kg,0.015
ILCD 2011 Midpoint+,9518b4ea-d7c1-3548-a4b6-977770f0954a,"Mineral, fossil & ren resource depletion",kg Sb eq,926f3e3a-e852-368c-b401-5c0997fafb65,"Platinum, Pt 2.5E-4%, Pd 7.3E-4%, Rh 2.0E-5%, Ni 2.3E+0%, Cu 3.2E+0% in ore",007440-06-4,unspecified,Resource,kg,9.09
ILCD 2011 Midpoint+,9518b4ea-d7c1-3548-a4b6-977770f0954a,"Mineral, fossil & ren resource depletion",kg Sb eq,3faed4db-fe91-48f5-af3b-826f0209d600,Arsenic,007440-38-2,unspecified,Resource,kg,2.4
ILCD 2011 Midpoint+,9518b4ea-d7c1-3548-a4b6-977770f0954a,"Mineral, fossil & ren resource depletion",kg Sb eq,57eac733-9736-3494-9953-f22a3c6485f4,"Gold, Au 9.7E-5%, Ag 7.6E-5%, in ore",007440-57-5,unspecified,Resource,kg,36
ILCD 2011 Midpoint+,9518b4ea-d7c1-3548-a4b6-977770f0954a,"Mineral, fossil & ren resource depletion",kg Sb eq,2619aa71-378c-415c-8ece-77ee28d7b9c5,"Gold, Au 6.7E-4%, in ore",007440-57-5,unspecified,Resource,kg,36
ILCD 2011 Midpoint+,9518b4ea-d7c1-3548-a4b6-977770f0954a,"Mineral, fossil & ren resource depletion",kg Sb eq,7df8baae-5dc8-4e19-9114-7abc9a792f80,"Copper, 2.19% in sulfide, Cu 1.83% and Mo 8.2E-3% in crude ore",007440-50-8,unspecified,Resource,kg,0.0025
ILCD 2011 Midpoint+,9518b4ea-d7c1-3548-a4b6-977770f0954a,"Mineral, fossil & ren resource depletion",kg Sb eq,73c8ddf6-2d56-4def-9ac5-9a5d7d856a5c,"Silver, Ag 9.7E-4%, Au 9.7E-4%, Zn 0.63%, Cu 0.38%, Pb 0.014%, in ore",007440-22-4,unspecified,Resource,kg,8.42
ILCD 2011 Midpoint+,9518b4ea-d7c1-3548-a4b6-977770f0954a,"Mineral, fossil & ren resource depletion",kg Sb eq,7f33171b-d351-479a-8074-f3d8db3ad50a,Chromium,007440-47-3,unspecified,Resource,kg,0.00002
ILCD 2011 Midpoint+,9518b4ea-d7c1-3548-a4b6-977770f0954a,"Mineral, fossil & ren resource depletion",kg Sb eq,cd4e4de1-1231-3bc3-82f1-5aa1f46bc1b0,"Zinc, Zn 3.1%, in mixed ore",007440-66-6,unspecified,Resource,kg,0.00365
ILCD 2011 Midpoint+,9518b4ea-d7c1-3548-a4b6-977770f0954a,"Mineral, fossil & ren resource depletion",kg Sb eq,b0352caa-91bc-4a56-99a1-5fe16f11ef1d,Thallium,007440-28-0,unspecified,Resource,kg,"2,980"
ILCD 2011 Midpoint+,9518b4ea-d7c1-3548-a4b6-977770f0954a,"Mineral, fossil & ren resource depletion",kg Sb eq,a7997dde-a179-325d-a920-cb101672e608,"Gold, Au 6.8E-4%, Ag 1.5E-4%, in ore",007440-57-5,unspecified,Resource,kg,36
ILCD 2011 Midpoint+,9518b4ea-d7c1-3548-a4b6-977770f0954a,"Mineral, fossil & ren resource depletion",kg Sb eq,66b0e7a0-e800-4b46-96f6-9e6a80fcbf10,Magnesium,007439-95-4,unspecified,Resource,kg,0
ILCD 2011 Midpoint+,9518b4ea-d7c1-3548-a4b6-977770f0954a,"Mineral, fossil & ren resource depletion",kg Sb eq,8db0f74c-fda3-48e6-ac00-dca9ab4f5fea,Barium,007440-39-3,unspecified,Resource,kg,0.00337
ILCD 2011 Midpoint+,9518b4ea-d7c1-3548-a4b6-977770f0954a,"Mineral, fossil & ren resource depletion",kg Sb eq,a7405163-762c-3b09-9dc6-b0a757bd3083,"Silver, Ag 7.6E-5%, Au 9.7E-5%, in ore",007440-22-4,unspecified,Resource,kg,8.42
ILCD 2011 Midpoint+,9518b4ea-d7c1-3548-a4b6-977770f0954a,"Mineral, fossil & ren resource depletion",kg Sb eq,987789bc-ec35-40a6-8c53-1db0d655fd60,"Gold, Au 1.1E-4%, Ag 4.2E-3%, in ore",007440-57-5,unspecified,Resource,kg,36
ILCD 2011 Midpoint+,9518b4ea-d7c1-3548-a4b6-977770f0954a,"Mineral, fossil & ren resource depletion",kg Sb eq,a1569b7b-2b28-43ab-81fd-19795ba7aea3,Zinc,007440-66-6,unspecified,Resource,kg,0.00365
ILCD 2011 Midpoint+,9518b4ea-d7c1-3548-a4b6-977770f0954a,"Mineral, fossil & ren resource depletion",kg Sb eq,3ae47837-9e71-410d-9d93-7caea4f0e54b,"Zinc, Zn 0.63%, Au 9.7E-4%, Ag 9.7E-4%, Cu 0.38%, Pb 0.014%, in ore",007440-66-6,unspecified,Resource,kg,0.00365
ILCD 2011 Midpoint+,9518b4ea-d7c1-3548-a4b6-977770f0954a,"Mineral, fossil & ren resource depletion",kg Sb eq,54f30d85-f262-42d9-a6a2-59d03df4196f,Antimony,007440-36-0,unspecified,Resource,kg,1
ILCD 2011 Midpoint+,9518b4ea-d7c1-3548-a4b6-977770f0954a,"Mineral, fossil & ren resource depletion",kg Sb eq,b5a8bcd8-e668-3a2b-a687-67a7e296ce94,"Silver, Ag 5.4E-3%, in mixed ore",007440-22-4,unspecified,Resource,kg,8.42
ILCD 2011 Midpoint+,9518b4ea-d7c1-3548-a4b6-977770f0954a,"Mineral, fossil & ren resource depletion",kg Sb eq,b3b72095-a965-49a2-b47e-7acb8f2388e8,"Copper, 0.99% in sulfide, Cu 0.36% and Mo 8.2E-3% in crude ore",007440-50-8,unspecified,Resource,kg,0.0025
ILCD 2011 Midpoint+,9518b4ea-d7c1-3548-a4b6-977770f0954a,"Mineral, fossil & ren resource depletion",kg Sb eq,7aec0bae-6959-48cd-8178-138b49416edb,Vanadium,007440-62-2,unspecified,Resource,kg,0.00493
ILCD 2011 Midpoint+,9518b4ea-d7c1-3548-a4b6-977770f0954a,"Mineral, fossil & ren resource depletion",kg Sb eq,a73fbca9-3989-4b1e-bc6a-62a5cb35598a,Niobium,007440-03-1,unspecified,Resource,kg,0.0655
ILCD 2011 Midpoint+,9518b4ea-d7c1-3548-a4b6-977770f0954a,"Mineral, fossil & ren resource depletion",kg Sb eq,7cf24ec7-f96e-43d4-8da1-23afa56f4168,"Molybdenum, 0.016% in sulfide, Mo 8.2E-3% and Cu 0.27% in crude ore",007439-98-7,unspecified,Resource,kg,0.0711
ILCD 2011 Midpoint+,9518b4ea-d7c1-3548-a4b6-977770f0954a,"Mineral, fossil & ren resource depletion",kg Sb eq,d02c4641-ada1-463d-98ff-fce0de839b2d,"Gold, Au 4.9E-5%, in ore",007440-57-5,unspecified,Resource,kg,36
ILCD 2011 Midpoint+,9518b4ea-d7c1-3548-a4b6-977770f0954a,"Mineral, fossil & ren resource depletion",kg Sb eq,38cd88d2-3834-4763-9ed3-31adce2bdfbb,"Molybdenum, 0.022% in sulfide, Mo 8.2E-3% and Cu 0.22% in crude ore",007439-98-7,unspecified,Resource,kg,0.0711
ILCD 2011 Midpoint+,9518b4ea-d7c1-3548-a4b6-977770f0954a,"Mineral, fossil & ren resource depletion",kg Sb eq,e778edad-4430-4d90-952b-baed9a0bc77c,"Gold, Au 9.7E-4%, Ag 9.7E-4%, Zn 0.63%, Cu 0.38%, Pb 0.014%, in ore",007440-57-5,unspecified,Resource,kg,36
ILCD 2011 Midpoint+,9518b4ea-d7c1-3548-a4b6-977770f0954a,"Mineral, fossil & ren resource depletion",kg Sb eq,d022f280-167b-4ce8-ba3a-d8be6f22c3c6,Yttrium,007440-65-5,unspecified,Resource,kg,0.816
ILCD 2011 Midpoint+,9518b4ea-d7c1-3548-a4b6-977770f0954a,"Mineral, fossil & ren resource depletion",kg Sb eq,ed65c408-2351-4f62-8430-dcd2f62ab70e,Uranium,007440-61-1,unspecified,Resource,kg,0.201
ILCD 2011 Midpoint+,9518b4ea-d7c1-3548-a4b6-977770f0954a,"Mineral, fossil & ren resource depletion",kg Sb eq,66ff002e-8b94-4773-9f24-0490e3025652,Iodine,014362-44-8,unspecified,Resource,kg,0.00222
ILCD 2011 Midpoint+,9518b4ea-d7c1-3548-a4b6-977770f0954a,"Mineral, fossil & ren resource depletion",kg Sb eq,1812b512-f2ea-43b7-a68d-8ec8eb1f0c44,"Molybdenum, 0.010% in sulfide, Mo 8.2E-3% and Cu 1.83% in crude ore",007439-98-7,unspecified,Resource,kg,0.0711
ILCD 2011 Midpoint+,9518b4ea-d7c1-3548-a4b6-977770f0954a,"Mineral, fossil & ren resource depletion",kg Sb eq,2c3bad90-9c15-3c4c-9ef7-8517678060a5,"Uranium, 560 GJ per kg",007440-61-1,unspecified,Resource,kg,0.201
ILCD 2011 Midpoint+,9518b4ea-d7c1-3548-a4b6-977770f0954a,"Mineral, fossil & ren resource depletion",kg Sb eq,3ebb5476-08c5-4c6c-a5ef-0ff2c639abb3,Strontium,007440-24-6,unspecified,Resource,kg,0.177
ILCD 2011 Midpoint+,9518b4ea-d7c1-3548-a4b6-977770f0954a,"Mineral, fossil & ren resource depletion",kg Sb eq,79dcb82b-db11-4410-a858-e47706c97cca,"Nickel, 1.13% in sulfides, 0.76% in crude ore",007440-02-0,unspecified,Resource,kg,0.00418
ILCD 2011 Midpoint+,9518b4ea-d7c1-3548-a4b6-977770f0954a,"Mineral, fossil & ren resource depletion",kg Sb eq,b58a44f8-6381-4e60-bc45-33b85b77ccfb,"Copper, 0.97% in sulfide, Cu 0.36% and Mo 4.1E-2% in crude ore",007440-50-8,unspecified,Resource,kg,0.0025
ILCD 2011 Midpoint+,9518b4ea-d7c1-3548-a4b6-977770f0954a,"Mineral, fossil & ren resource depletion",kg Sb eq,58f64002-e4a0-48d8-865a-893f02cec62f,Molybdenum,007439-98-7,unspecified,Resource,kg,0.0711
ILCD 2011 Midpoint+,9518b4ea-d7c1-3548-a4b6-977770f0954a,"Mineral, fossil & ren resource depletion",kg Sb eq,10e3b9bc-648f-4321-be48-5df740b07e04,Lead,007439-92-1,unspecified,Resource,kg,0.015
ILCD 2011 Midpoint+,9518b4ea-d7c1-3548-a4b6-977770f0954a,"Mineral, fossil & ren resource depletion",kg Sb eq,14eb7f62-3949-3a5e-83d3-32c6a6af6a4b,Germanium,007440-56-4,unspecified,Resource,kg,"19,500"
ILCD 2011 Midpoint+,9518b4ea-d7c1-3548-a4b6-977770f0954a,"Mineral, fossil & ren resource depletion",kg Sb eq,5bfe61f2-cefc-47e6-9704-3fab3ebbd4c9,Copper,007440-50-8,unspecified,Resource,kg,0.0025
ILCD 2011 Midpoint+,9518b4ea-d7c1-3548-a4b6-977770f0954a,"Mineral, fossil & ren resource depletion",kg Sb eq,d0279285-94ef-453f-8849-72f2bc006db6,Gallium,007440-55-3,unspecified,Resource,kg,0.0063
ILCD 2011 Midpoint+,9518b4ea-d7c1-3548-a4b6-977770f0954a,"Mineral, fossil & ren resource depletion",kg Sb eq,5323c0ed-4b57-46b5-8c13-1491b18e1080,"Molybdenum, 0.014% in sulfide, Mo 8.2E-3% and Cu 0.81% in crude ore",007439-98-7,unspecified,Resource,kg,0.0711
ILCD 2011 Midpoint+,9518b4ea-d7c1-3548-a4b6-977770f0954a,"Mineral, fossil & ren resource depletion",kg Sb eq,3f891fb6-cf17-484d-a1a2-e63b45245648,Iron,007439-89-6,unspecified,Resource,kg,0
ILCD 2011 Midpoint+,9518b4ea-d7c1-3548-a4b6-977770f0954a,"Mineral, fossil & ren resource depletion",kg Sb eq,a5225551-19c9-3874-883a-e3c78c403e04,"Copper, Cu 5.2E-2%, Pt 4.8E-4%, Pd 2.0E-4%, Rh 2.4E-5%, Ni 3.7E-2% in ore",007440-50-8,unspecified,Resource,kg,0.0025
ILCD 2011 Midpoint+,9518b4ea-d7c1-3548-a4b6-977770f0954a,"Mineral, fossil & ren resource depletion",kg Sb eq,c9b0bd9b-662c-481c-8848-cf93f9ff1f3d,"Nickel, 1.13% in sulfide, Ni 0.76% and Cu 0.76% in crude ore",007440-02-0,unspecified,Resource,kg,0.00418
ILCD 2011 Midpoint+,9518b4ea-d7c1-3548-a4b6-977770f0954a,"Mineral, fossil & ren resource depletion",kg Sb eq,71f9788c-4f3c-4189-9fae-a392dda4cb39,"Silver, Ag 4.6E-5%, Au 1.3E-4%, in ore",007440-22-4,unspecified,Resource,kg,8.42
ILCD 2011 Midpoint+,9518b4ea-d7c1-3548-a4b6-977770f0954a,"Mineral, fossil & ren resource depletion",kg Sb eq,0995f4ad-2655-43a3-b98e-65d08af753a5,Nickel,007440-02-0,unspecified,Resource,kg,0.00418
ILCD 2011 Midpoint+,9518b4ea-d7c1-3548-a4b6-977770f0954a,"Mineral, fossil & ren resource depletion",kg Sb eq,cb8ce7df-7a74-3b2a-b7d3-74a062b99dfe,"Gold, Au 1.8E-4%, in mixed ore",007440-57-5,unspecified,Resource,kg,36
ILCD 2011 Midpoint+,9518b4ea-d7c1-3548-a4b6-977770f0954a,"Mineral, fossil & ren resource depletion",kg Sb eq,d58b689c-e3bd-43ae-b102-1b7c305f2d92,"Copper, 0.59% in sulfide, Cu 0.22% and Mo 8.2E-3% in crude ore",007440-50-8,unspecified,Resource,kg,0.0025
ILCD 2011 Midpoint+,9518b4ea-d7c1-3548-a4b6-977770f0954a,"Mineral, fossil & ren resource depletion",kg Sb eq,363646d2-999e-4a69-a8b4-7ccfa4ec3790,"Molybdenum, 0.025% in sulfide, Mo 8.2E-3% and Cu 0.39% in crude ore",007439-98-7,unspecified,Resource,kg,0.0711
ILCD 2011 Midpoint+,9518b4ea-d7c1-3548-a4b6-977770f0954a,"Mineral, fossil & ren resource depletion",kg Sb eq,e63d51b1-5e9d-3db8-8d1f-2b72a4010636,"Nickel, Ni 2.3E+0%, Pt 2.5E-4%, Pd 7.3E-4%, Rh 2.0E-5%, Cu 3.2E+0% in ore",007440-02-0,unspecified,Resource,kg,0.00418
ILCD 2011 Midpoint+,9518b4ea-d7c1-3548-a4b6-977770f0954a,"Mineral, fossil & ren resource depletion",kg Sb eq,346ac247-ca5d-4b6f-a98c-12771165a78c,Tungsten,007440-33-7,unspecified,Resource,kg,0.254
ILCD 2011 Midpoint+,9518b4ea-d7c1-3548-a4b6-977770f0954a,"Mineral, fossil & ren resource depletion",kg Sb eq,ea1ad570-2801-4561-83df-2ebbf60387ff,Beryllium,007440-41-7,unspecified,Resource,kg,3.95
ILCD 2011 Midpoint+,9518b4ea-d7c1-3548-a4b6-977770f0954a,"Mineral, fossil & ren resource depletion",kg Sb eq,fbf5d421-6486-49dd-a0bd-77012568cd97,"Copper, 1.42% in sulfide, Cu 0.81% and Mo 8.2E-3% in crude ore",007440-50-8,unspecified,Resource,kg,0.0025
ILCD 2011 Midpoint+,9518b4ea-d7c1-3548-a4b6-977770f0954a,"Mineral, fossil & ren resource depletion",kg Sb eq,243cfaf5-4060-3794-bb58-5560aa86651c,"Palladium, Pd 2.0E-4%, Pt 4.8E-4%, Rh 2.4E-5%, Ni 3.7E-2%, Cu 5.2E-2% in ore",007440-05-3,unspecified,Resource,kg,9.36
ILCD 2011 Midpoint+,9518b4ea-d7c1-3548-a4b6-977770f0954a,"Mineral, fossil & ren resource depletion",kg Sb eq,32f08265-1b69-3a19-bc52-0956124570cc,"Uranium, 451 GJ per kg",007440-61-1,unspecified,Resource,kg,0.162
ILCD 2011 Midpoint+,9518b4ea-d7c1-3548-a4b6-977770f0954a,"Mineral, fossil & ren resource depletion",kg Sb eq,2ee5e952-3cf2-354d-945a-e1471754c2c8,"Phosphorus, 18% in apatite, 4% in crude ore",007723-14-0,unspecified,Resource,kg,0.00006
ILCD 2011 Midpoint+,9518b4ea-d7c1-3548-a4b6-977770f0954a,"Mineral, fossil & ren resource depletion",kg Sb eq,3a404578-2521-444f-ba07-a2e3b9805c4b,Boron,007440-42-8,unspecified,Resource,kg,0.00528
ILCD 2011 Midpoint+,9518b4ea-d7c1-3548-a4b6-977770f0954a,"Mineral, fossil & ren resource depletion",kg Sb eq,5fbf8f1a-b5d7-4d25-8512-532135aa86a1,"Gold, Au 4.3E-4%, in ore",007440-57-5,unspecified,Resource,kg,36
ILCD 2011 Midpoint+,9518b4ea-d7c1-3548-a4b6-977770f0954a,"Mineral, fossil & ren resource depletion",kg Sb eq,574e768f-5eba-48a1-810a-e0b09286a7df,Titanium,007440-32-6,unspecified,Resource,kg,0.00152
ILCD 2011 Midpoint+,9518b4ea-d7c1-3548-a4b6-977770f0954a,"Mineral, fossil & ren resource depletion",kg Sb eq,2ddb38cc-c07f-3e2f-9d8d-a1e51d2c7520,Rhenium,007440-15-5,unspecified,Resource,kg,31.9
ILCD 2011 Midpoint+,9518b4ea-d7c1-3548-a4b6-977770f0954a,"Mineral, fossil & ren resource depletion",kg Sb eq,610786c8-148b-4331-b238-cb474531d182,"Silver, 3.2ppm in sulfide, Ag 1.2ppm, Cu and Te, in crude ore",007440-22-4,unspecified,Resource,kg,8.42
ILCD 2011 Midpoint+,9518b4ea-d7c1-3548-a4b6-977770f0954a,"Mineral, fossil & ren resource depletion",kg Sb eq,3ce3f097-4009-3edc-8066-7f3c82c162fd,"Gold, Au 5.4E-4%, Ag 1.5E-5%, in ore",007440-57-5,unspecified,Resource,kg,36
ILCD 2011 Midpoint+,9518b4ea-d7c1-3548-a4b6-977770f0954a,"Mineral, fossil & ren resource depletion",kg Sb eq,ad056621-5111-4358-9768-e04ed8c5c357,Zirconium,007440-67-7,unspecified,Resource,kg,0.0164
ILCD 2011 Midpoint+,9518b4ea-d7c1-3548-a4b6-977770f0954a,"Mineral, fossil & ren resource depletion",kg Sb eq,a2b40a28-3aa6-470d-a3fd-994cd18c0371,Sodium chloride,007647-14-5,in water,Resource,kg,0
ILCD 2011 Midpoint+,9518b4ea-d7c1-3548-a4b6-977770f0954a,"Mineral, fossil & ren resource depletion",kg Sb eq,75625969-b305-3a79-a8cb-b69adf1ce153,"Energy, from hydrogen",,in water,Resource,MJ,0
ILCD 2011 Midpoint+,9518b4ea-d7c1-3548-a4b6-977770f0954a,"Mineral, fossil & ren resource depletion",kg Sb eq,c0dd7ccd-9e7a-42b3-b899-dfd18c2150ca,"Energy, potential (in hydropower reservoir), converted",,in water,Resource,MJ,0
ILCD 2011 Midpoint+,9518b4ea-d7c1-3548-a4b6-977770f0954a,"Mineral, fossil & ren resource depletion",kg Sb eq,c3ae56cd-b714-330e-a5f5-bfba53fd3b06,"Energy, from hydro power",,in water,Resource,MJ,0
ILCD 2011 Midpoint+,9518b4ea-d7c1-3548-a4b6-977770f0954a,"Mineral, fossil & ren resource depletion",kg Sb eq,247f3d96-7da2-5adf-a399-65745bc042fb,Magnesium,007439-95-4,in water,Resource,kg,0
ILCD 2011 Midpoint+,9518b4ea-d7c1-3548-a4b6-977770f0954a,"Mineral, fossil & ren resource depletion",kg Sb eq,752d138f-3723-42c1-bf5c-ca5316809c4c,"Magnesium, 0.13% in water",007439-95-4,in water,Resource,kg,0
ILCD 2011 Midpoint+,9518b4ea-d7c1-3548-a4b6-977770f0954a,"Mineral, fossil & ren resource depletion",kg Sb eq,7de77239-7074-4443-9dc9-4492c5e2ef35,"Iodine, 0.03% in water",007553-56-2,in water,Resource,kg,0.00222
ILCD 2011 Midpoint+,9518b4ea-d7c1-3548-a4b6-977770f0954a,"Mineral, fossil & ren resource depletion",kg Sb eq,36a3d172-7373-507f-85bd-12b8ba31a6d4,"Iodine, in water",,in water,Resource,kg,0.00222
